ADJETIVO-CETEP - FACULDADE ADJETIVO CETEP
AEMS - FACULDADES INTEGRADAS DE TRÊS LAGOAS
AFARP - FACULDADE DE RIBEIRÃO PRETO
AIEC / FAAB - FACULDADE AIEC
AJES - FACULDADE DE CIÊNCIAS CONTÁBEIS E DE ADMINISTRAÇÃO DO VALE DO JURUENA
AJES - INSTITUTO SUPERIOR DE EDUCAÇÃO DO VALE DO JURUENA
ALFA - FACULDADE ALVES FARIA
AMF - FACULDADE ANTÔNIO MENEGHETTI
ANAEC - FACULDADE DE PEDAGOGIA
APOGEU - FACULDADE APOGEU
ASCES - FACULDADE ASCES
ASMEC - FACULDADES INTEGRADAS ASMEC
AVANTIS - FACULDADE AVANTIS
AVEC - FACULDADE AVEC DE VILHENA
BANDTEC - FACULDADE DE TECNOLOGIA BANDEIRANTES
BILAC - FACULDADE DE SÃO JOSÉ DOS CAMPOS
BOM JESUS/IELUSC - INSTITUTO SUPERIOR E CENTRO EDUCACIONAL LUTERANO - BOM JESUS - IELUSC
CALAFIORI - FACULDADE CALAFIORI
CAMBURY - FACULDADE CAMBURY
CAMBURY - FACULDADE CAMBURY DE FORMOSA
CAMPO REAL - FACULDADE CAMPO REAL
CATÓLICA DE ANÁPOLIS - FACULDADE CATÓLICA DE ANÁPOLIS
CATÓLICA EM JARAGUÁ  - CENTRO UNIVERSITÁRIO - CATÓLICA DE SANTA CATARINA EM JARAGUÁ DO SUL
CATÓLICA EM JOINVILE - CENTRO UNIVERSITÁRIO - CATÓLICA DE SANTA CATARINA EM JOINVILLE
CBM - CENTRO UNIVERSITÁRIO BARÃO DE MAUÁ
CBM/CEU - CONSERVATÓRIO BRASILEIRO DE MÚSICA - CENTRO UNIVERSITÁRIO
CBTA - FACULDADE INED DE RIO CLARO
CEAP - CENTRO DE ENSINO SUPERIOR DO AMAPÁ
CEFET/MG - CENTRO FEDERAL DE EDUCAÇÃO TECNOLÓGICA DE MINAS GERAIS
CEFET/RJ - CENTRO FEDERAL DE EDUCAÇÃO TECNOLÓGICA CELSO SUCKOW DA FONSECA
CEI - FACULDADE INTEGRADO DE CAMPO MOURÃO
CENACAP - FACULDADE JK - BRASÍLIA - UNIDADE PLANO PILOTO
CENTEFF - FACULDADES FUTURÃO
CENTRO UNIVERSITÁRIO ANHANGUERA DE CAMPO GRANDE
CENTRO UNIVERSITÁRIO ANHANGUERA DE SÃO PAULO
CENTRO UNIVERSITÁRIO AUTÔNOMO DO BRASIL
CENTRO UNIVERSITÁRIO DE BAURU
CENTRO UNIVERSITÁRIO ESTÁCIO DA SÁ
CENTRO UNIVERSITÁRIO SOCIESC
CENTRO UNIVERSITÁRIO SÃO JOSÉ DE ITAPERUNA
CES-CL - CENTRO DE ENSINO SUPERIOR DE CONSELHEIRO LAFAIETE
CES/JF - CENTRO DE ENSINO SUPERIOR DE JUIZ DE FORA
CESA - CENTRO DE ENSINO SUPERIOR DE ARCOVERDE
CESA - CENTRO DE ESTUDOS SUPERIORES APRENDIZ
CESA - FACULDADE ARTHUR THOMAS
CESAMA - CENTRO DE ENSINO SUPERIOR ARCANJO MIKAEL DE ARAPIRACA
CESCAGE - FACULDADES INTEGRADAS DOS CAMPOS GERAIS
CESEP - CENTRO SUPERIOR DE ENSINO E PESQUISA DE MACHADO
CESF - INSTITUTO DE ENSINO SUPERIOR FUCAPI
CESG - FACULDADE DE CIÊNCIAS GERENCIAIS DE SÃO GOTARDO
CESI - FACULDADE CENTRO PAULISTA
CESMAC - CENTRO UNIVERSITÁRIO CESMAC
CESMAC AGRESTE - FACULDADE CESMAC DO AGRESTE
CESMAC SERTÃO - FACULDADE CESMAC DO SERTÃO
CESPAR - FACULDADE MARINGÁ
CESPRI - FACULDADE DE PRIMAVERA
CESREAL - FACULDADE DE REALEZA
CESSF - FACULDADE SANTA FÉ
CEST - FACULDADE SANTA TEREZINHA
CESUBE - CENTRO DE ENSINO SUPERIOR DE UBERABA
CESUC - CENTRO DE ENSINO SUPERIOR DE CATALÃO
CESUCA - FACULDADE INEDI
CESUL - FACULDADE DE DIREITO FRANCISCO BELTRÃO
CESUPA - CENTRO UNIVERSITÁRIO DO ESTADO DO PARÁ
CESUPI - CENTRO DE ENSINO SUPERIOR DE ILHÉUS
CESUT - CENTRO DE ENSINO SUPERIOR DE JATAÍ
CESV - CENTRO DE ENSINO SUPERIOR DE VITÓRIA
CESVA - CENTRO DE ENSINO SUPERIOR DE VALENÇA
CESVALE - CENTRO DE ENSINO SUPERIOR DO VALE DO PARNAÍBA
CESVASF - CENTRO DE ENSINO SUPERIOR DO VALE SÃO FRANCISCO
CET BLUMENAU - FACULDADE DE TECNOLOGIA SENAI BLUMENAU
CET-FAESA - FACULDADE DE TECNOLOGIA FAESA
CETEP - FACULDADE DE TECNOLOGIA CETEP
CEUCLAR - CENTRO UNIVERSITÁRIO CLARETIANO
CEULJI/ULBRA - CENTRO UNIVERSITÁRIO LUTERANO DE JI-PARANÁ
CEULM/ULBRA - CENTRO UNIVERSITÁRIO LUTERANO DE MANAUS
CEULP - CENTRO UNIVERSITÁRIO LUTERANO DE PALMAS
CEULS - CENTRO UNIVERSITÁRIO LUTERANO DE SANTARÉM
CEUN-IMT - CENTRO UNIVERSITÁRIO DO INSTITUTO MAUÁ DE TECNOLOGIA
CEUNIH - CENTRO UNIVERSITÁRIO METODISTA IZABELA HENDRIX
CEUNSP - CENTRO UNIVERSITÁRIO NOSSA SENHORA DO PATROCÍNIO
CHRISFAPI - CHRISTUS FACULDADE DO PIAUÍ
CIENCIAS MEDICAS - FACULDADE DE CIÊNCIAS MÉDICAS DA BAHIA
CIESA - CENTRO UNIVERSITÁRIO DE ENSINO SUPERIOR DO AMAZONAS
CLARETIANORC - CLARETIANO - FACULDADE - CLARETIANORC
CNEC/IESA - INSTITUTO CENECISTA DE ENSINO SUPERIOR DE SANTO ÂNGELO
COTEMIG - FACULDADE COTEMIG
CSET DRUMMOND - FACULDADE DE TECNOLOGIA CARLOS DRUMMOND DE ANDRADE
CTESOP - CENTRO TÉCNICO-EDUCACIONAL SUPERIOR DO OESTE PARANAENSE
CUFSA - CENTRO UNIVERSITÁRIO FUNDAÇÃO SANTO ANDRÉ
CUML - CENTRO UNIVERSITÁRIO MOURA LACERDA
DEHONIANA - FACULDADE DEHONIANA
DIREITO RIO - ESCOLA DE DIREITO DO RIO DE JANEIRO
DOCTUM - FACULDADE DOCTUM DE ADMINISTRAÇÃO DA SERRA
DOCTUM - FACULDADE DOCTUM DE ADMINISTRAÇÃO E EDUCAÇÃO DE VITÓRIA
DOCTUM - FACULDADE DOCTUM DE CARANGOLA
DOCTUM - FACULDADE DOCTUM DE DIREITO DA SERRA
DOCTUM - FACULDADE DOCTUM DE GUARAPARI
DOCTUM - FACULDADE DOCTUM DE JOÃO MONLEVADE
DOCTUM - FACULDADE DOCTUM DE JUIZ DE FORA
DOCTUM - FACULDADE DOCTUM DE MANHUAÇU
DOCTUM - FACULDADE DOCTUM DE PEDAGOGIA DA SERRA
DOCTUM - FACULDADE DOCTUM DE VILA VELHA
DOCTUM - FACULDADE DOCTUM DE VITÓRIA
DOM BOSCO - FACULDADE DOM BOSCO
DOM BOSCO UBIRATÃ - FACULDADE DOM BOSCO DE UBIRATÃ
DOMPEDRO - FACULDADES INTEGRADAS DOM PEDRO II
EBAPE - ESCOLA BRASILEIRA DE ADMINISTRAÇÃO PÚBLICA E DE EMPRESAS
EBEF - ESCOLA BRASILEIRA DE ECONOMIA E FINANÇAS
EBMSP - ESCOLA BAHIANA DE MEDICINA E SAÚDE PÚBLICA
EDB - ESCOLA DE DIREITO DE BRASÍLIA
EDUVALE - FACULDADE DE CIÊNCIAS SOCIAIS APLICADAS DO VALE DO SÃO LOURENÇO
EDUVALE - FACULDADE EDUVALE DE AVARÉ
EEA - ESCOLA DE ENGENHARIA DE AGRIMENSURA
EEFA - ESCOLA DE EDUCAÇÃO FÍSICA DE ASSIS
EEFTESM - ESCOLA DE ENFERMAGEM DA FUNDAÇÃO TÉCNICO EDUCACIONAL SOUZA MARQUES
EEK - ESCOLA DE ENGENHARIA KENNEDY
EEP/FUMEP - ESCOLA DE ENGENHARIA DE PIRACICABA
EESP - ESCOLA DE ECONOMIA DE SÃO PAULO
EG - ESCOLA DE GOVERNO PROFESSOR PAULO NEVES DE CARVALHO
EMESCAM - ESCOLA SUPERIOR DE CIÊNCIAS DA SANTA CASA DE MISERICÓRDIA DE VITÓRIA
EMSM - ESCOLA DE MEDICINA SOUZA MARQUES DA FUNDAÇÃO TÉCNICO-EDUCACIONAL SOUZA MARQUES
ENIAC - FACULDADE DE TECNOLOGIA ENIAC-FAPI
ENIAC - FACULDADE ENIAC
ENSITEC - FACULDADE DE TECNOLOGIA ENSITEC
ESAB - ESCOLA SUPERIOR ABERTA DO BRASIL
ESAMAZ - ESCOLA SUPERIOR DA AMAZÔNIA
ESAMC - FACULDADE ESAMC CAMPINAS
ESAMC - FACULDADE ESAMC SANTOS
ESAMC - FACULDADE ESAMC SOROCABA
ESAMC - FACULDADE ESAMC SOROCABA
ESAMC - FACULDADE ESAMC UBERLÂNDIA
ESAMC BRASÍLIA - FACULDADE JK - GUARÁ
ESBAM - ESCOLA SUPERIOR BATISTA DO AMAZONAS
ESCOLA DA CIDADE - ESCOLA DA CIDADE - FACULDADE DE ARQUITETURA E URBANISMO
ESCOLA SUPERIOR DE ADMINISTRAÇÃO E GESTÃO STRONG
ESCOLA SUPERIOR DE ADMINISTRAÇÃO E GESTÃO STRONG DA BAIXADA SANTISTA
ESCS - ESCOLA SUPERIOR DE CIÊNCIAS DA SAÚDE
ESDHC - ESCOLA SUPERIOR DOM HELDER CÂMARA
ESEC - ESCOLA SUPERIOR DE EDUCAÇÃO CORPORATIVA
ESEFIC - ESCOLA SUPERIOR DE CRUZEIRO "PREFEITO HAMILTON VIEIRA MENDES"
ESEG - ESCOLA SUPERIOR DE ENGENHARIA E GESTÃO DE SÃO PAULO - ESEG
ESFA - ESCOLA SUPERIOR SÃO FRANCISCO DE ASSIS
ESIC - ESCOLA SUPERIOR DE GESTÃO COMERCIAL E MARKETING
ESM - ESCOLA SUPERIOR DE MARKETING
ESMA - ESCOLA SUPERIOR EM MEIO AMBIENTE
ESMAC - ESCOLA SUPERIOR MADRE CELESTE
ESNS - ESCOLA SUPERIOR NACIONAL DE SEGUROS
ESNS-SP - ESCOLA SUPERIOR NACIONAL DE SEGUROS DE SÃO PAULO
ESP - ESCOLA DE SOCIOLOGIA E POLÍTICA DE SÃO PAULO
ESPA - ESCOLA SUPERIOR PAULISTA DE ADMINISTRAÇÃO - ESPA
ESPF - ESCOLA SUPERIOR DE TECNOLOGIA E EDUCAÇÃO DE PORTO FERREIRA
ESPM - ESCOLA SUPERIOR DE PROPAGANDA E MARKETING
ESPM - ESCOLA SUPERIOR DE PROPAGANDA E MARKETING DO RIO DE JANEIRO
ESPM - POA - ESCOLA SUPERIOR DE PROPAGANDA E MARKETING DE PORTO ALEGRE
ESRC - ESCOLA SUPERIOR DE TECNOLOGIA E EDUCAÇÃO DE RIO CLARO
ESSA - ESCOLA SUPERIOR DE SAÚDE DE ARCOVERDE
EST - FACULDADES EST
ESTEF - ESCOLA SUPERIOR DE TEOLOGIA E ESPIRITUALIDADE FRANCISCANA
ESTÁCIO AMAPÁ - FACULDADE ESTÁCIO DO AMAPÁ - ESTÁCIO AMAPÁ
ESTÁCIO AMAZONAS - FACULDADE ESTÁCIO DO AMAZONAS - ESTÁCIO AMAZONAS
ESTÁCIO AMAZÔNIA - CENTRO UNIVERSITÁRIO ESTÁCIO DA AMAZÔNIA - ESTÁCIO AMAZÔNIA
ESTÁCIO BELÉM - FACULDADE ESTÁCIO DE BELÉM - ESTÁCIO BELÉM
ESTÁCIO BH - CENTRO UNIVERSITÁRIO ESTÁCIO DE BELO HORIZONTE - ESTÁCIO BH
ESTÁCIO BRASÍLIA - CENTRO UNIVERSITÁRIO ESTÁCIO DE BRASÍLIA - ESTÁCIO BRASÍLIA
ESTÁCIO CURITIBA - FACULDADE ESTÁCIO DE CURITIBA
ESTÁCIO DE JOÃO PESS - FACULDADE ESTÁCIO DE JOÃO PESSOA - ESTÁCIO DE JOÃO PESSOA
ESTÁCIO DE NATAL - FACULDADE ESTÁCIO DE NATAL
ESTÁCIO EUROPAN - FACULDADE ESTÁCIO EURO- PANAMERICANA DE HUMANIDADES E TECNOLOGIAS - ESTÁCIO EUROPAN
ESTÁCIO FAAC - FACULDADE ESTÁCIO COTIA
ESTÁCIO FAL - FACULDADE ESTÁCIO DE ALAGOAS - ESTÁCIO FAL
ESTÁCIO FAP - FACULDADE ESTÁCIO DO PARÁ - ESTÁCIO FAP
ESTÁCIO FARGS - FACULDADE ESTÁCIO DO RIO GRANDE DO SUL - ESTÁCIO FARGS
ESTÁCIO FASE - ESTÁCIO FASE - FACULDADE ESTÁCIO DE SERGIPE
ESTÁCIO FATERN - ESTÁCIO FATERN - FACULDADE ESTÁCIO DO RIO GRANDE DO NORTE
ESTÁCIO FIB - ESTÁCIO FIB - CENTRO UNIVERSITÁRIO ESTÁCIO DA BAHIA
ESTÁCIO FIC - CENTRO UNIVERSITÁRIO ESTÁCIO DO CEARÁ
ESTÁCIO FIR - FACULDADE ESTÁCIO DO RECIFE - ESTÁCIO FIR
ESTÁCIO FLORIANÓPOLI - FACULDADE ESTÁCIO DE FLORIANÓPOLIS - ESTÁCIO FLORIANÓPOLIS
ESTÁCIO FMI - FACULDADE ESTÁCIO MONTESSORI DE IBIÚNA
ESTÁCIO FMJ - FACULDADE DE MEDICINA ESTÁCIO DE JUAZEIRO DO NORTE
ESTÁCIO MACAPÁ - FACULDADE ESTÁCIO MACAPÁ - ESTÁCIO MACAPÁ
ESTÁCIO PARAÍBA - FACULDADE ESTÁCIO DA PARAÍBA
ESTÁCIO SANTA CATARI - CENTRO UNIVERSITÁRIO ESTÁCIO DE SANTA CATARINA - ESTÁCIO SANTA CATARINA
ESTÁCIO SANTO ANDRÉ - FACULDADE ESTÁCIO DE SANTO ANDRÉ
ESTÁCIO SÃO LUÍS - FACULDADE ESTÁCIO DE SÃO LUÍS
ESTÁCIO UNIRADIAL - CENTRO UNIVERSITÁRIO ESTÁCIO RADIAL DE SÃO PAULO - ESTÁCIO UNIRADIAL
ESUCRI - ESCOLA SUPERIOR DE CRICIÚMA - ESUCRI
ESUP - ESCOLA SUPERIOR ASSOCIADA DE GOIÂNIA
ESUV - ESCOLA DE ESTUDOS SUPERIORES DE VIÇOSA
ETEP - FACULDADE DE TECNOLOGIA DE JACAREÍ
ETEP - FACULDADE DE TECNOLOGIA DE SÃO JOSÉ DOS CAMPOS
ETEP - FACULDADE DE TECNOLOGIA DE TAUBATÉ
F.I.C. - FACULDADE INTEGRAL CANTAREIRA
F.T.U. - FACULDADE DE TEOLOGIA UMBANDISTA
F.V.C. - FACULDADE VALE DO CRICARÉ
F2J - FACULDADE DOIS DE JULHO
FA - FACULDADE ALFA
FA - FACULDADE APOIO
FA7 - FACULDADE SETE DE SETEMBRO
FAA - FACULDADE ALAGOANA DE ADMINISTRAÇÃO
FAA - FACULDADE ANGLO-AMERICANO
FAAA - FACULDADE ANHANGUERA DE ANÁPOLIS
FAACH - FACULDADE ANGLO-AMERICANO DE CHAPECÓ
FAACS - FACULDADE ANGLO-AMERICANO DE CAXIAS DO SUL
FAACZ - FACULDADES INTEGRADAS DE ARACRUZ
FAAG - FACULDADE DE AGUDOS
FAAHF - FACULDADE ARNALDO HORÁCIO FERREIRA
FAAL - FACULDADE DE ADMINISTRAÇÃO E ARTES DE LIMEIRA
FAAM - FACULDADE DA AMAZÔNIA
FAAO - FACULDADE DA AMAZÔNIA OCIDENTAL
FAAP - FACULDADE DE ARTES PLÁSTICAS DA FUNDAÇÃO ARMANDO ALVARES PENTEADO
FAAST - FACULDADE ASTORGA
FAAT - FACULDADE ATUAL
FAAT - FACULDADES ATIBAIA
FAATESP - FACULDADE DE TECNOLOGIA ALVARES DE AZEVEDO
FAATESP - FACULDADE DE TECNOLOGIA ÁLVARES DE AZEVEDO
FAATESP - FACULDADE ÁLVARES DE AZEVEDO
FAB - FACULDADE ANHANGUERA DE BRASÍLIA
FAB - FACULDADE ASSOCIADA BRASIL
FAB - FACULDADE BARÃO DO RIO BRANCO
FAB - FACULDADE DOM PEDRO II DE TECNOLOGIA
FABA - FACULDADE BEZERRA DE ARAÚJO
FABAC - FACULDADE MAURÍCIO DE NASSAU DE LAURO FREITAS
FABAPAR - FACULDADES BATISTA DO PARANÁ
FABAT - FACULDADE BATISTA DO RIO DE JANEIRO
FABE - FACULDADE BERTIOGA
FABE - FACULDADE BETIM
FABE - FACULDADE DE ADMINISTRAÇÃO DA ASSOCIAÇÃO BRASILIENSE DE EDUCAÇÃO
FABEA - FACULDADE BRASILEIRA DE ESTUDOS AVANÇADOS
FABEC BRASIL - FACULDADE BRASILEIRA DE EDUCAÇÃO E CULTURA
FABEL - FACULDADE DE BELFORD ROXO
FABEL - FACULDADE DE BELÉM
FABES - FACULDADE BÉTHENCOURT DA SILVA
FABI - FACULDADE BIRIGUI
FABIC - FACULDADE DO BICO DO PAPAGAIO
FABRA - ESCOLA DE ENSINO SUPERIOR FABRA
FABRAN - FACULDADE BRASIL NORTE
FAC - FACULDADE ANHANGUERA DE CUIABÁ
FAC - FACULDADE ARQUIDIOCESANA DE CURVELO
FAC - FACULDADE CEARENSE
FAC - FACULDADE DE CAFELÂNDIA
FAC - FACULDADE DO ACRE
FAC - FACULDADE REGIONAL DE FILOSOFIA, CIÊNCIAS E LETRAS DE CANDEIAS
FAC - SAUDE ARTHE - FACULDADE DE CIÊNCIAS DA SAÚDE ARCHIMEDES THEODORO
FAC CCAA - FACULDADE CCAA
FAC DE CARIACICA - FACULDADE DE CARIACICA
FAC FUNAM - FACULDADE DE TECNOLOGIA ALTO MÉDIO SÃO FRANCISCO
FAC SENAC DF - FACULDADE DE TECNOLOGIA SENAC DF
FAC-CG - FACULDADE DE CAMPINA GRANDE
FAC-FEA - FACULDADE DA FUNDAÇÃO EDUCACIONAL ARAÇATUBA
FAC-LIONS - FACULDADE LIONS
FAC-UNILAGOS - FACULDADE UNIÃO ARARUAMA DE ENSINO S/S LTDA.
FACAB - FACULDADE CASA BRANCA
FACAL - FACULDADE DE CIÊNCIAS APLICADAS DE LIMOEIRO
FACAM-MA - FACULDADE DO MARANHÃO
FACAMP - FACULDADE DE ADMINISTRAÇÃO DE CAMPO BELO
FACAMP - FACULDADE DE ADMINISTRAÇÃO DE EMPRESAS
FACAMP - FACULDADE DE CIÊNCIAS ECONÔMICAS
FACAPA - FACULDADE CATÓLICA DE POUSO ALEGRE
FACAPE - FACULDADE DE CIÊNCIAS APLICADAS E SOCIAIS DE PETROLINA
FACASC - FACULDADE CATÓLICA DE SANTA CATARINA
FACC - FACULDADE CONCÓRDIA
FACCACI - FACULDADE DE CIÊNCIAS CONTÁBEIS E ADMINISTRATIVAS DE CACHOEIRO DO ITAPEMIRIM
FACCAMP - FACULDADE CAMPO LIMPO PAULISTA
FACCAR - FACULDADE PARANAENSE
FACCAT - FACULDADE FACCAT
FACCAT - FACULDADES INTEGRADAS DE TAQUARA
FACCCA - FACULDADE CAMAQÜENSE DE CIÊNCIAS CONTÁBEIS E ADMINISTRATIVAS
FACCI - FACULDADE DE CIÊNCIAS ADMINISTRATIVAS E CONTÁBEIS DE ITABIRA
FACCOR - FACULDADE DE CIÊNCIAS CONTÁBEIS DE RECIFE
FACCREI - FACULDADE CRISTO REI
FACCSR - FACULDADE DE ADMINISTRAÇÃO E CIÊNCIAS CONTÁBEIS DE SÃO ROQUE
FACDELTA - FACULDADE DELTA
FACDO - FACULDADE CATÓLICA DOM ORIONE
FACDOMBOSCO - FACULDADE DE ENSINO SUPERIOR DOM BOSCO
FACE - ALFOR - FACULDADE DE CIÊNCIAS GERENCIAIS ALVES FORTES
FACE - FACULDADE ALIANÇA
FACE - FACULDADE CASA DO ESTUDANTE
FACEAG - FACULDADE DE ADMINISTRAÇÃO CIÊNCIAS ECON E CONTÁBEIS DE GUARATINGUETÁ
FACEAR - FACULDADE EDUCACIONAL ARAUCÁRIA
FACEAR - FACULDADE EDUCACIONAL DE ARAUCÁRIA
FACEAS - FACULDADE DE CIÊNCIAS ECONÔMICAS E ADMINISTRATIVAS SANTA RITA DE CÁSSIA
FACEB - FACULDADE DE EDUCAÇÃO DE BOM DESPACHO
FACEB - FACULDADE PROJEÇÃO DE CEILÂNDIA
FACEBG - FACULDADE CENECISTA DE BENTO GONÇALVES
FACEC - FACULDADE CENTRAL DE CRISTALINA
FACEC - FACULDADE DE CIÊNCIA E EDUCAÇÃO DO CAPARAÓ
FACECA - FACULDADE CENECISTA DE VARGINHA
FACECAP - FACULDADE CENECISTA DE CAPIVARI
FACED - FACULDADE DE CIÊNCIAS ECONÔMICAS, ADMINISTRATIVAS E CONTÁBEIS DE DIVINÓPOLIS
FACED - FACULDADE DIVINÓPOLIS
FACED - FACULDADE EDUCACIONAL DE CORNÉLIO PROCÓPIO
FACEDUTS - FACULDADE DE EDUCAÇÃO DE TANGARÁ DA SERRA
FACEG - FACULDADE DE CIÊNCIAS EXATAS DE GARANHUNS
FACEL - FACULDADE DE ADMINISTRAÇÃO, CIÊNCIAS, EDUCAÇÃO E LETRAS
FACELS - FACULDADE LS
FACEM - FACULDADE DO ESTADO DO MARANHÃO
FACEM-BH - FACULDADE DO CENTRO EDUCACIONAL MINEIRO - FACEM
FACEMA - FACULDADE DE CIÊNCIAS E TECNOLOGIA DO MARANHÃO
FACEMED - FACULDADE EDUCACIONAL DE MEDIANEIRA
FACEMG - FACULDADE DE ENSINO DE MINAS GERAIS
FACEMP - FACULDADE DE CIÊNCIAS EMPRESARIAIS
FACENE - FACULDADE DE ENFERMAGEM NOVA ESPERANÇA
FACENE/RN - FACULDADE DE ENFERMAGEM NOVA ESPERANÇA DE MOSSORÓ - FACENE/RN
FACENOP - FACULDADE CENECISTA DE SINOP
FACENP - FACULDADE CENECISTA DE NOVA PETRÓPOLIS
FACENS - FACULDADE DE ENGENHARIA DE SOROCABA
FACEOPAR - FACULDADE CENTRO OESTE
FACEP - FACULDADE EVOLUÇÃO ALTO OESTE POTIGUAR
FACEQ - FACULDADE EÇA DE QUEIROS
FACER - FACULDADE DE CERES
FACER - FACULDADE DE CIÊNCIAS E EDUCAÇÃO DE RUBIATABA
FACERB - FACULDADE CENECISTA DE RIO BONITO
FACERES - FACULDADE CERES
FACES - FACULDADE CATHEDRAL
FACES - FACULDADE DO ESPÍRITO SANTO
FACESA - FACULDADE DE CIÊNCIAS E EDUCAÇÃO SENA AIRES
FACESA - FACULDADE DE CIÊNCIAS SOCIAIS APLICADAS E DE TECNOLOGIAS DE AGUA BOA
FACESA - FACULDADE EVANGÉLICA DE SALVADOR
FACESF - FACULDADE DE CIÊNCIAS HUMANAS E EXATAS DO SERTÃO DO SÃO FRANCISCO
FACESI - FACULDADE DE CIÊNCIAS EDUCACIONAIS E SISTEMAS INTEGRADOS
FACESM - FACULDADE DE CIÊNCIAS SOCIAIS APLICADAS DO SUL DE MINAS - FACESM
FACESPI - FACULDADE CORPORATIVA CESPI
FACET - FACULDADE DE CIÊNCIAS DE TIMBAÚBA
FACET - FACULDADE DE CIÊNCIAS DE TIMBAÚBA
FACET - FACULDADE DE CIÊNCIAS E TECNOLOGIA DE TERESINA
FACET - FACULDADE DE CIÊNCIAS EXATAS E TECNOLÓGICAS SANTO AGOSTINHO - FACET
FACET - FACULDADE DE CIÊNCIAS SOCIAIS E APLICADAS DO PARANÁ
FACETEN - FACULDADE DE CIÊNCIAS, EDUCAÇÃO E TEOLOGIA DO NORTE DO BRASIL 
FACEVV - FACULDADE CENECISTA DE VILA VELHA
FACH - FACULDADE DE HORTOLÂNDIA
FACHA - FACULDADE DE CIÊNCIAS HUMANAS DE AGUAÍ
FACHA - FACULDADES INTEGRADAS HÉLIO ALONSO
FACHASUL - FACULDADE DE ADMINISTRAÇÃO DE CHAPADÃO DO SUL
FACHI - FACULDADE DE CIÊNCIAS HUMANAS DE ITABIRA
FACHO - FACULDADE DE CIÊNCIAS HUMANAS DE OLINDA
FACHUCA - FACULDADE DE CIÊNCIAS HUMANAS E SOCIAIS APLICADAS DO CABO DE SANTO AGOSTINHO
FACHUSC - FACULDADE DE CIÊNCIAS HUMANAS DO SERTÃO CENTRAL
FACHUSST - FACULDADE DE CIENCIAS HUMANAS E SOCIAIS DE SERRA TALHADA
FACI - FACULDADE IDEAL
FACIAGRA - FACULDADE DE CIÊNCIAS AGRÁRIAS DE ARARIPINA
FACIBRA - FACULDADE DE CIÊNCIAS DE WENCESLAU BRAZ
FACIC - FACULDADE DE CIÊNCIAS CONTÁBEIS
FACIC - FACULDADE DE CIÊNCIAS HUMANAS DE CRUZEIRO
FACICA - FACULDADE DE CIÊNCIAS E TECNOLOGIAS DE CAMPOS GERAIS
FACID - FACULDADE INTEGRAL DIFERENCIAL
FACIDER - FACULDADE DE COLIDER
FACIG - FACULDADE DE CIÊNCIAS DE GUARULHOS
FACIG - FACULDADE DE CIÊNCIAS GERENCIAIS DE MANHUAÇU
FACIG - FACULDADE DE CIÊNCIAS GERENCIAIS DE SANTOS DUMONT
FACIG - FACULDADE DE CIÊNCIAS HUMANAS E SOCIAIS DE IGARASSU
FACIGE - FACULDADE DE CIÊNCIAS GERENCIAIS E EMPREENDEDORISMO - FACIGE
FACIIP - FACULDADES INTEGRADAS IPITANGA
FACIJUGO - FACULDADE DE CIÊNCIAS JURÍDICAS E GERENCIAIS DE OLIVEIRA
FACILUZ - FACULDADE CIDADE LUZ
FACIMA - FACULDADE DA CIDADE DE MACEIÓ 
FACIMAB - FACULDADE DE CIÊNCIAS SOCIAIS APLICADAS DE MARABÁ
FACIMED - FACULDADE DE CIÊNCIAS BIOMÉDICAS DE CACOAL
FACIMOD - FACULDADE MODELO
FACIMP - FACULDADE DE IMPERATRIZ
FACINOR - FACULDADE INTERMUNICIPAL DO NOROESTE DO PARANÁ
FACIP - FACULDADE DE CIÊNCIAS SOCIAIS DOS PALMARES
FACIPE - FACULDADE INTEGRADA DE PERNAMBUCO
FACIPLAC - FACULDADES INTEGRADAS DA UNIÃO EDUCACIONAL DO PLANALTO CENTRAL - FACIPLAC
FACIS - FACULDADE DE CIÊNCIAS DA SAÚDE DE SÃO PAULO
FACISA - CELER - FACULDADE DE CIÊNCIAS SOCIAIS APLICADAS
FACISA - FACULDADE DE CIÊNCIAS BIOLÓGICAS E DA SAÚDE
FACISA - FACULDADE DE CIÊNCIAS DA SAÚDE DE UNAÍ
FACISA - FACULDADE DE CIÊNCIAS HUMANAS E SOCIAIS DE ARARIPINA - FACISA
FACISA - FACULDADE DE CIÊNCIAS SOCIAIS APLICADAS
FACISA - FACULDADE DE CIÊNCIAS SOCIAIS APLICADAS - FACISA
FACISA - FACULDADE DE CIÊNCIAS SOCIAIS APLICADAS SANTO AGOSTINHO
FACISABH - FACULDADE DE CIÊNCIAS SOCIAIS APLICADAS DE BELO HORIZONTE
FACISAS - FACULDADE DE CIÊNCIAS SOCIAIS APLICADAS DE SINOP
FACISST - FACULDADE DE CIÊNCIAS DA SAÚDE DE SERRA TALHADA
FACIT - FACULDADE DE CIÊNCIA E TECNOLOGIA DE MONTES CLAROS
FACIT - FACULDADE DE CIÊNCIAS DO TOCANTINS
FACITA - FACULDADE DE ITÁPOLIS - FACITA
FACITE - FACULDADE DE CIÊNCIA, TECNOLOGIA E EDUCAÇÃO
FACITEC - FACULDADE DE CIÊNCIA E TECNOLOGIA
FACJK - FACULDADE JK DE TECNOLOGIA
FACMAIS - FACULDADE DE INHUMAS - FAC-MAIS
FACNEC - FACULDADE CENECISTA DE ITABORAÍ
FACNET - FACULDADE ANHANGUERA DE NEGÓCIOS E TECNOLOGIAS DA INFORMAÇÃO
FACNOPAR - FACULDADE DO NORTE NOVO DE APUCARANA
FACO - FACULDADE DE TECNOLOGIA DE CRUZEIRO DO OESTE
FACOL - FACULDADE ESCRITOR OSMAN DA COSTA LINS
FACOL - FACULDADE ORÍGENES LESSA
FACOM-FAAP - FACULDADE DE COMUNICAÇÃO E MARKETING DA - FUNDAÇÃO ARMANDO ÁLVARES PENTEADO
FACOMP - FACULDADE DE COMPUTAÇÃO DE MONTES CLAROS
FACOS - FACULDADE CENECISTA DE OSÓRIO
FACOTTUR - FACULDADE DE COMUNICAÇÃO E TURISMO DE OLINDA
FACP - FACULDADE DE PAULÍNIA
FACRAZ - FACULDADE CRUZ AZUL
FACREDENTOR - FACULDADE REDENTOR
FACREDENTOR - FACULDADE REDENTOR DE CAMPOS
FACRUZ - FACULDADE SANTA CRUZ
FACS - FACULDADE ANHANGUERA DE CAXIAS DO SUL
FACSA - FACULDADE SANTO AGOSTINHO
FACSAL - FACULDADE DA CIDADE DE SANTA LUZIA
FACSALLE - FACULDADE DE TECNOLOGIA LA SALLE - ESTRELA
FACSALLE - FACULDADE LA SALLE - CAXIAS
FACSPEI - FACULDADES SPEI
FACSUL - FACULDADE DE CAMPINA GRANDE DO SUL
FACSUL - FACULDADE DE CIÊNCIAS APLICADAS E TECNOLÓGICAS DO LITORAL SUL
FACSUL - FACULDADE DO SUL
FACSUL - FACULDADE MATO GROSSO DO SUL 
FACSUM - FACULDADE DO SUDESTE MINEIRO 
FACSUMARÉ - FACULDADE ANHANGUERA DE SUMARÉ
FACTHUS - FACULDADE DE TALENTOS HUMANOS
FACTO - FACULDADE CATÓLICA DO TOCANTINS
FACTU - FACULDADE DE CIÊNCIAS E TECNOLOGIA DE UNAÍ - FACTU
FACULDADE  PITÁGORAS
FACULDADE AGES - FACULDADE DE CIÊNCIAS HUMANAS E SOCIAIS
FACULDADE ALIANÇA
FACULDADE ALVORADA - FACULDADE ALVORADA DE TECNOLOGIA E EDUCAÇÃO DE MARINGÁ
FACULDADE AMÉRICA LATINA
FACULDADE ANGLO
FACULDADE ANHANGUERA DE CASCAVEL
FACULDADE ANHANGUERA DE GUARULHOS
FACULDADE ANHANGUERA DE INDAIATUBA
FACULDADE ANHANGUERA DE ITAPECERICA DA SERRA
FACULDADE ANHANGUERA DE JACAREÍ
FACULDADE ANHANGUERA DE JOINVILLE
FACULDADE ANHANGUERA DE JUNDIAÍ
FACULDADE ANHANGUERA DE LIMEIRA
FACULDADE ANHANGUERA DE MATÃO
FACULDADE ANHANGUERA DE NEGÓCIOS DE BELO HORIZONTE
FACULDADE ANHANGUERA DE PASSO FUNDO
FACULDADE ANHANGUERA DE PELOTAS
FACULDADE ANHANGUERA DE RIO CLARO
FACULDADE ANHANGUERA DE SANTA BÁRBARA
FACULDADE ANHANGUERA DE TAGUATINGA
FACULDADE ANHANGUERA DE TAUBATÉ
FACULDADE ANHANGUERA DE VALINHOS
FACULDADE ANHANGUERA DO RIO GRANDE
FACULDADE ANHANGÜERA DE BAURU
FACULDADE ANHANGÜERA DE CAMPINAS
FACULDADE ANHANGÜERA DE PIRACICABA
FACULDADE ANHANGÜERA DE RIBEIRÃO PRETO
FACULDADE ANHANGÜERA DE SÃO JOSÉ
FACULDADE ASSIS GURGACZ
FACULDADE ATENAS
FACULDADE AUM
FACULDADE BAGOZZI - FACULDADE PADRE JOÃO BAGOZZI
FACULDADE BAIANA DE DIREITO E GESTÃO
FACULDADE BATISTA PIONEIRA
FACULDADE CARAGUÁ
FACULDADE CATÓLICA SALESIANA DO ESPÍRITO SANTO
FACULDADE CDL
FACULDADE CENTRO MATO-GROSSENSE
FACULDADE CENTRO PAULISTANO
FACULDADE CESUC - FACULDADE DE ENSINO SUPERIOR DE CATALÃO
FACULDADE CESUSC
FACULDADE CET - FACULDADE DE TECNOLOGIA DE TERESINA
FACULDADE CEUT - FACULDADE DE CIÊNCIAS, SAÚDE, EXATAS E JURÍDICAS DE TERESINA
FACULDADE CLARETIANA DE TEOLOGIA
FACULDADE CNEC CAMPO LARGO
FACULDADE CNEC FARROUPILHA
FACULDADE CNEC GRAVATAÍ
FACULDADE CNEC ILHA DO GOVERNADOR
FACULDADE CNEC UNAÍ
FACULDADE DE ARAÇATUBA
FACULDADE DE BAURU
FACULDADE DE CIÊNCIAS AGRÁRIAS E EXATAS DE PRIMAVERA DO LESTE
FACULDADE DE CIÊNCIAS GERENCIAIS
FACULDADE DE CIÊNCIAS GERENCIAIS EM VOTUPORANGA
FACULDADE DE CIÊNCIAS HUMANAS E BIOLÓGICAS E DA SAÚDE
FACULDADE DE CIÊNCIAS JURÍDICAS E SOCIAIS APLICADAS DE PRIMAVERA DO LESTE
FACULDADE DE CIÊNCIAS SOCIAIS APLICADAS
FACULDADE DE CIÊNCIAS SOCIAIS APLICADAS
FACULDADE DE COMUNICAÇÃO E DESIGN  OSWALDO CRUZ 
FACULDADE DE CONCHAS
FACULDADE DE DIREITO DA FUNDAÇÃO ESCOLA SUPERIOR DO MINISTÉRIO PÚBLICO
FACULDADE DE DIREITO DE ALTA FLORESTA
FACULDADE DE DIREITO DE TANGARÁ DA SERRA
FACULDADE DE ENSINO SUPERIOR KM 125
FACULDADE DE GUANAMBI
FACULDADE DE LUCÉLIA
FACULDADE DE PORTO FELIZ
FACULDADE DE SOROCABA
FACULDADE DE TECNOLOGIA ALFA DE UMUARAMA
FACULDADE DE TECNOLOGIA AMÉRICA DO SUL
FACULDADE DE TECNOLOGIA ASSESSORITEC
FACULDADE DE TECNOLOGIA ATENEU
FACULDADE DE TECNOLOGIA CÉSAR LATTES
FACULDADE DE TECNOLOGIA DE BRAGANÇA PAULISTA
FACULDADE DE TECNOLOGIA IPANEMA
FACULDADE DE TECNOLOGIA SAINT PAUL
FACULDADE DE TECNOLOGIA SENAC GOIÁS
FACULDADE DE TECNOLOGIA SENAC JARAGUÁ DO SUL
FACULDADE DE TECNOLOGIA SENAC SÃO MIGUEL DO OESTE
FACULDADE DE TECNOLOGIA SENAI CAMPO GRANDE
FACULDADE DE TECNOLOGIA SENAI CURITIBA
FACULDADE DE TECNOLOGIA SENAI MARIANO FERRAZ
FACULDADE DE TECNOLOGIA SENAI TELÊMACO BORBA
FACULDADE DE TEOLOGIA DE SÃO PAULO DA IGREJA PRESBITERIANA INDEPENDENTE DO BRASIL
FACULDADE DE TUPI PAULISTA
FACULDADE DE VARGEM GRANDE PAULISTA
FACULDADE DECISION - FACULDADE DECISION DE NEGÓCIOS
FACULDADE DELTA - FACULDADE DELTA
FACULDADE DIOCESANA DE MOSSORÓ
FACULDADE DO PAMPA
FACULDADE DO PLANALTO
FACULDADE EFICAZ - FACULDADE EFICAZ
FACULDADE EVANGÉLICA DE GOIANÉSIA
FACULDADE FACCENTRO
FACULDADE FACMIL
FACULDADE FAE BLUMENAU
FACULDADE FAE SÃO JOSÉ DOS PINHAIS
FACULDADE FIGUEIREDO COSTA - FIC
FACULDADE FLAMINGO
FACULDADE FORTIUM
FACULDADE FÁTIMA - FACULDADE NOSSA SENHORA DE FÁTIMA
FACULDADE GAMMON
FACULDADE HSM
FACULDADE IDEAU - FACULDADE DE GETÚLIO VARGAS
FACULDADE IENH - FACULDADE NOVO HAMBURGO
FACULDADE INGÁ
FACULDADE INPG - SJC - FACULDADE DO INSTITUTO NACIONAL DE PÓS-GRADUAÇÃO DE SÃO JOSÉ DOS CAMPOS
FACULDADE INTEGRADA DAS CATARATAS
FACULDADE INTERNACIONAL SIGNORELLI
FACULDADE ITABORAÍ
FACULDADE ITAPURANGA
FACULDADE JAUENSE
FACULDADE JK - ASA NORTE
FACULDADE JK - UNIDADE I - GAMA
FACULDADE JK - UNIDADE II - GAMA
FACULDADE JOAQUIM NABUCO DE SÃO LOURENÇO DA MATA
FACULDADE LA SALLE
FACULDADE LA SALLE
FACULDADE LEONARDO DA VINCI - SANTA CATARINA
FACULDADE MAURÍCIO DE NASSAU DE MACEIÓ
FACULDADE MESSIANICA
FACULDADE METROPOLITANA DE MARINGÁ
FACULDADE MUNDIAL
FACULDADE PADRÃO
FACULDADE PANAMERICANA DE JI-PARANÁ
FACULDADE PAULISTA SÃO JOSÉ
FACULDADE PITÁGORAS DE FEIRA DE SANTANA
FACULDADE PITÁGORAS DE GUARAPARI
FACULDADE PITÁGORAS DE IMPERATRIZ
FACULDADE PITÁGORAS DE LINHARES
FACULDADE PITÁGORAS DE LONDRINA
FACULDADE PITÁGORAS DE MACEIÓ
FACULDADE PITÁGORAS DE POÇOS DE CALDAS
FACULDADE PITÁGORAS DE SÃO LUIZ
FACULDADE PITÁGORAS DE TECNOLOGIA DE CONTAGEM
FACULDADE PITÁGORAS DE VOTORANTIM - SOROCABA
FACULDADE PITÁGORAS DO MARANHÃO
FACULDADE POLIS DAS ARTES
FACULDADE PRESIDENTE ANTÔNIO CARLOS DE BARÃO DE COCAIS
FACULDADE PRESIDENTE ANTÔNIO CARLOS DE CONGONHAS
FACULDADE PRESIDENTE ANTÔNIO CARLOS DE CONSELHEIRO LAFAIETE
FACULDADE PRESIDENTE ANTÔNIO CARLOS DE ITABIRITO
FACULDADE PRESIDENTE ANTÔNIO CARLOS DE ITAJUBÁ
FACULDADE PRESIDENTE ANTÔNIO CARLOS DE LEOPOLDINA
FACULDADE PRESIDENTE ANTÔNIO CARLOS DE UBERABA
FACULDADE PRESIDENTE ANTÔNIO CARLOS DE UBERLÂNDIA
FACULDADE PRESIDENTE ANTÔNIO CARLOS DE UBÁ
FACULDADE PRESIDENTE ANTÔNIO CARLOS DE VISCONDE DO RIO BRANCO
FACULDADE PROJEÇÃO DO GUARÁ
FACULDADE PROMOVE DE JANAÚBA
FACULDADE RAIMUNDO MARINHO DE PENEDO
FACULDADE REGES DE OSVALDO CRUZ
FACULDADE REGES DE RIBEIRÃO PRETO
FACULDADE RIO CLARO
FACULDADE SANTA EMÍLIA
FACULDADE SEQÜENCIAL
FACULDADE SOCIESC
FACULDADE SOCIESC DE BALNEÁRIO CAMBORIÚ
FACULDADE SOGIPA DE EDUCAÇÃO FÍSICA
FACULDADE SÃO BENTO DA BAHIA
FACULDADE SÃO MIGUEL - FACULDADE SÃO MIGUEL
FACULDADE SÃO SEBASTIÃO
FACULDADE UBS - FACULDADE UBS
FACULDADE UNIDA - FACULDADE UNIDA DE VITÓRIA
FACULDADE UNIÃO DAS AMÉRICAS
FACULDADE UNIÃO DE CAMPO MOURÃO
FACULDADES CATHEDRAL - FACULDADE DE CIÊNCIAS JURÍDICAS E SOCIAIS APLICADAS DO ARAGUAIA
FACULDADES DE DRACENA
FACULDADES ESEFAP
FACULDADES IBMEC - FACULDADE DE CIÊNCIAS SOCIAIS APLICADAS IBMEC
FACULDADES IBMEC - FACULDADE DE ECONOMIA E FINANÇAS IBMEC
FACULDADES INTEGRADAS DO VALE DO IGUAÇU
FACULDADES INTEGRADAS DO VALE DO IVAÍ
FACULDADES INTEGRADAS PROMOVE DE BRASILIA
FACULDADES OPET
FACUNICAMPS - FACULDADE UNIDA DE CAMPINAS
FACVEST - CENTRO UNIVERSITÁRIO FACVEST 
FAD - FACULDADE ANHANGÜERA DE DOURADOS
FAD - FACULDADE DIADEMA
FAD-FAAP - FACULDADE DE DIREITO DA FUNDAÇÃO ARMANDO ALVARES PENTEADO
FADAP - FACULDADE DE DIREITO DA ALTA PAULISTA
FADBA - FACULDADE ADVENTISTA DA BAHIA
FADEC - FACULDADE DECISÃO
FADEP - FACULDADE DE PATO BRANCO
FADERGS - FACULDADE DE DESENVOLVIMENTO DO RIO GRANDE DO SUL
FADFESPSP - FACULDADE DE ADMINISTRAÇÃO DA FESPSP
FADI - FACULDADE DE DIREITO DE SOROCABA
FADIC - FACULDADE DAMAS DA INSTRUÇÃO CRISTÃ
FADIG - FACULDADE DE DIREITO UNIDADE GUARAPARI
FADILESTE - FACULDADE DE DIREITO E CIÊNCIAS SOCIAIS DO LESTE DE MINAS - FADILESTE
FADIP - FACULDADE DINÂMICA DO VALE DO PIRANGA
FADIPA - FACULDADE DE DIREITO DE IPATINGA
FADIRE - FACULDADE DE DESENVOLVIMENTO E INTEGRAÇÃO REGIONAL
FADISA - FACULDADE DE DIREITO SANTO AGOSTINHO
FADISI - FACULDADE DIOCESANA SÃO JOSÉ
FADISMA - FACULDADE DE DIREITO DE SANTA MARIA
FADISP - FACULDADE AUTÔNOMA DE DIREITO
FADITU - FACULDADE DE DIREITO DE ITÚ
FADIVA - FACULDADE DE DIREITO DE VARGINHA - FADIVA
FADIVALE - FACULDADE DE DIREITO DO VALE DO RIO DOCE
FADMINAS - FACULDADES INTEGRADAS ADVENTISTAS DE MINAS GERAIS
FAE - FACULDADE ANGLICANA DE ERECHIM
FAE - FACULDADE DAS ÁGUAS EMENDADAS - FAE
FAE - FACULDADE EQUIPE
FAE - FAE CENTRO UNIVERSITÁRIO
FAE SÉVIGNÉ - FACULDADE FAE SÉVIGNÉ PORTO ALEGRE
FAE-FAAP - FACULDADE DE ADMINISTRAÇÃO DA FUNDAÇÃO ARMANDO ALVARES PENTEADO
FAEB - FACULDADE DE ENFERMAGEM DE BELO JARDIM
FAEC - FACULDADE DE EDUCAÇÃO DE COLORADO DO OESTE
FAEC - FACULDADE EDUCACIONAL DE COLOMBO
FAECA DOM BOSCO - FACULDADE DE EDUCAÇÃO CIÊNCIAS E ARTES DOM BOSCO DE MONTE APRAZÍVEL
FAECAD - FACULDADE EVANGÉLICA DE TECNOLOGIA, CIÊNCIAS E BIOTECNOLOGIA DA CGADB
FAECE - FACULDADE DE ENSINO E CULTURA DO CEARÁ 
FAECTS - FACULDADE ANHANGUERA DE EDUCAÇÃO, CIÊNCIAS E TECNOLOGIA DE SOROCABA
FAED - FACULDADE EDUCACIONAL DE DOIS VIZINHOS
FAEDA - FACULDADE DE EDUCAÇÃO DE ASSIS
FAEF - FACULDADE DE ENSINO SUPERIOR E FORMAÇÃO INTEGRAL
FAEFD - FACULDADE ALVORADA DE EDUCAÇÃO FÍSICA E DESPORTO - DESCREDENCIADA - DESPACHO Nº 165, DE 6 DE SETEMBRO DE 2013, DESCREDENCIA A IES.DOU 09/09/2013.
FAEFI - FACULDADE DE EDUCAÇÃO FÍSICA DE BARRA BONITA
FAEL - FACULDADE EDUCACIONAL DA LAPA
FAEM - FACULDADE EMPRESARIAL DE CHAPECÓ
FAEMA - FACULDADE DE EDUCAÇÃO E MEIO AMBIENTE
FAEME - FACULDADE EVANGÉLICA DO MEIO NORTE
FAEPI - FACULDADE EVANGÉLICA DO PIAUI
FAER - FACULDADE ERNESTO RISCALI
FAESA - FACULDADES INTEGRADAS SÃO PEDRO
FAESA I - FACULDADES INTEGRADAS ESPÍRITO SANTENSES
FAESB - FACULDADE DE ENSINO SUPERIOR SANTA BARBARA
FAESC - FACULDADE DA ESCADA
FAESF - FACULDADE DE EDUCAÇÃO SÃO FRANCISCO
FAESF - FACULDADE DE ENSINO SUPERIOR DE FLORIANO
FAESF/UNEF - FACULDADE DE ENSINO SUPERIOR DA CIDADE DE FEIRA DE SANTANA
FAESI - FACULDADE DE ENSINO SUPERIOR DE SÃO MIGUEL DO IGUAÇU
FAESNE - FACULDADE DE ENSINO SUPERIOR DO NORDESTE
FAESO - FACULDADE ESTÁCIO DE SÁ DE OURINHOS
FAESP - FACULDADE ANCHIETA DE ENSINO SUPERIOR DO PARANÁ
FAESPI - FACULDADE DE ENSINO SUPERIOR DO PIAUÍ
FAESSA - FACULDADE UBERLANDENSE DE NÚCLEOS INTEGRADOS DE ENSINO, SERVIÇO SOCIAL E APRENDIZAGEM
FAETE - FACULDADE DAS ATIVIDADES EMPRESARIAIS DE TERESINA
FAETEL - FACULDADE TEOLÓGICA DE CIÊNCIAS HUMANAS E SOCIAIS LOGOS
FAETERJ BJ ITABAPOAN - FACULDADE DE EDUCAÇÃO TECNOLÓGICA DO ESTADO DO RIO DE JANEIRO - FAETERJ
FAETERJ CAXIAS - FACULDADE DE EDUCAÇÃO TECNOLÓGICA DO ESTADO DO RIO DE JANEIRO
FAETERJ ITAPERUNA - FACULDADE DE EDUCAÇÃO TECNOLÓGICA DO ESTADO DO RIO DE JANEIRO - FAETERJ
FAETERJ PARACAMBI - FACULDADE DE EDUCAÇÃO TECNOLÓGICA DO ESTADO DO RIO DE JANEIRO
FAETERJ PETRÓPOLIS - FACULDADE DE EDUCAÇÃO TECNOLÓGICA DO ESTADO DO RIO DE JANEIRO - FAETERJ
FAETERJ R DE JANEIRO - FACULDADE DE EDUCAÇÃO TECNOLÓGICA DO ESTADO DO RIO DE JANEIRO - FAETERJ
FAETERJ S ANT. PÁDUA - FACULDADE DE EDUCAÇÃO TECNOLÓGICA DO ESTADO DO RIO DE JANEIRO - FAETERJ
FAETERJ TRÊS RIOS - FACULDADE DE EDUCAÇÃO TECNOLÓGICA DO ESTADO DO RIO DE JANEIRO - FAETERJ
FAEV - FACULDADE DE EDUCAÇÃO E CULTURA DE VILHENA
FAEV - FACULDADE DE SÃO ROQUE
FAEX - FACULDADE DE CIÊNCIAS SOCIAIS APLICADAS DE EXTREMA
FAF - FACULDADE DA FRONTEIRA - FAF
FAF - FACULDADE DE ALTA FLORESTA
FAF - FACULDADE DO FUTURO
FAF - FACULDADE FRUTAL
FAFE - FACULDADE FERNÃO DIAS
FAFEM - FACULDADES DA FUNDAÇÃO DE ENSINO DE MOCOCA
FAFI - FACULDADE AFIRMATIVO
FAFIA - FACULDADE DE FILOSOFIA CIÊNCIAS E LETRAS DE ALEGRE
FAFIBE - CENTRO UNIVERSITÁRIO UNIFAFIBE
FAFIBE - FACULDADE DE FILOSOFIA, CIÊNCIAS E LETRAS DE BOA ESPERANÇA
FAFIC - FACULDADE DE FILOSOFIA, CIÊNCIAS E LETRAS DE CAJAZEIRAS
FAFICA - FACULDADE DE FILOSOFIA CIÊNCIAS E LETRAS DE CARUARU
FAFICH - FACULDADE DE FILOSOFIA E CIÊNCIAS HUMANAS DE GOIATUBA
FAFIG - FACULDADE FOZ DO IGUAÇU
FAFIJAN - FACULDADE DE JANDAIA DO SUL
FAFIL - FACULDADE FILADÉLFIA
FAFIMA - FACULDADE DE FILOSOFIA CIÊNCIAS E LETRAS DE MACAÉ
FAFIMAN - CENTRO UNIVERSITÁRIO DE MANDAGUARI - UNIMAN
FAFIP - FACULDADE DE FILOSOFIA, CIÊNCIAS E LETRAS DE PIRAJU
FAFIPE - FACULDADE DE FILOSOFIA CIÊNCIAS E LETRAS DE PENÁPOLIS
FAFIRE - FACULDADE FRASSINETTI DO RECIFE
FAFISM - FACULDADE DE FILOSOFIA CIÊNCIAS E LETRAS SANTA MARCELINA
FAFIT-FACIC - FACULDADES INTEGRADAS DE ITARARÉ
FAFOPA - FACULDADE DE FORMAÇÃO DE PROFESSORES DE ARARIPINA
FAFOPAI - FACULDADE DE FORMAÇÃO DE PROFESSORES DE AFOGADOS DA INGAZEIRA
FAFOPST - FACULDADE DE FORMAÇÃO DE PROFESSORES DE SERRA TALHADA
FAFOR - FACULDADE DE FORTALEZA
FAFRAM - FACULDADE DOUTOR FRANCISCO MAEDA
FAFS - FACULDADE DE ADMINISTRAÇÃO DE FÁTIMA DO SUL
FAG - FACULDADE ASSIS GURGACZ
FAG - FACULDADE DE GOIÂNIA - UNIDADE 1
FAG - FACULDADE DE GUARARAPES
FAG - FACULDADE GUAIANÁS
FAG - FACULDADE GUAIRACÁ
FAG - FACULDADE GUARAÍ
FAGA - FACULDADE DE CIÊNCIAS DA ADMINISTRAÇÃO DE GARANHUNS
FAGAMMON - FACULDADE PRESBITERIANA GAMMON
FAGOC - FACULDADE UBAENSE OZANAM COELHO
FAGU - FACULDADE DO GUARUJÁ
FAGV - FACULDADE DE ADMINISTRAÇÃO DE GOVERNADOR VALADARES
FAH - FACULDADE ADVENTISTA DE HORTOLÂNDIA
FAHESA / ITPAC - FACULDADE DE CIÊNCIAS HUMANAS, ECONÔMICAS E DA SAÚDE DE ARAGUAÍNA
FAHOR - FACULDADE HORIZONTINA
FAHS - FACULDADE DOM HEITOR SALES
FAI - CENTRO DE ENSINO SUPERIOR EM GESTÃO, TECNOLOGIA E EDUCAÇÃO
FAI - FACULDADE DE ADMINISTRAÇÃO DE ITABIRITO
FAI - FACULDADE DE IPORÁ
FAI - FACULDADE DE ITAITUBA
FAI - FACULDADE DO VALE DO ITAPECURÚ
FAI - FACULDADES ADAMANTINENSES INTEGRADAS
FAIARA - FACULDADE INTEGRADA DE ARAGUATINS
FAIBI - FACULDADE DE FILOSOFIA, CIÊNCIAS E LETRAS DE IBITINGA
FAIBRA - FACULDADE INTEGRADA DO BRASIL
FAIESP - FACULDADE DE CIÊNCIAS SOCIAIS E HUMANAS SOBRAL PINTO
FAIFA - FACULDADE DA IGREJA MINISTÉRIO FAMA
FAIMI - UNIÃO DAS ESCOLAS DO GRUPO FAIMI DE EDUCAÇÃO
FAINC - FACULDADES INTEGRADAS CORAÇÃO DE JESUS
FAIND/SJP - FACULDADE DA INDÚSTRIA SÃO JOSÉ DOS PINHAIS
FAINOR - FACULDADE INDEPENDENTE DO NORDESTE
FAINTIPI - FACULDADES INTEGRADAS IPIRANGA
FAINTVISA - FACULDADES INTEGRADAS DA VITÓRIA DE SANTO ANTÃO
FAIP - FACULDADE DE ENSINO SUPERIOR DO INTERIOR PAULISTA
FAIPE - FACULDADE DE TECNOLOGIA DO IPÊ
FAIR - FACULDADES INTEGRADAS DE RONDONÓPOLIS
FAIS - FACULDADE DE SORRISO
FAISA - FACULDADE DE ILHA SOLTEIRA
FAISA - FACULDADE SANTO AUGUSTO
FAIT - FACULDADE DE CIÊNCIAS SOCIAIS E AGRÁRIAS DE ITAPEVA
FAITA - FACULDADE ITANHAÉM
FAJ - FACULDADE DE JAGUARIÚNA
FAJ - FACULDADE DE JUSSARA
FAJ - FACULDADE INTEGRADA EUCLIDES FERNANDES
FAJA - FACULDADE JATAIENSE
FAJAB - FACULDADE DE JABOTICABAL
FAJANSSEN - FACULDADE DE CIÊNCIAS GERENCIAIS PADRE ARNALDO JANSSEN
FAJANSSEN - FACULDADE DE DIREITO PADRE ARNALDO JANSSEN
FAJE - FACULDADE JESUÍTA DE FILOSOFIA E TEOLOGIA
FAJOLCA - FACULDADE JOSÉ LACERDA FILHO DE CIÊNCIAS APLICADAS
FAJOPA - FAJOPA - FACULDADE JOÃO PAULO II
FAK - FACULDADE KURIOS
FAL ESTÁCIO - FACULDADE ESTÁCIO DE NATAL
FALBE - FACULDADE ALBERT EINSTEIN
FALC - FACULDADE DA ALDEIA DE CARAPICUÍBA
FALEC - FACULDADE DOUTOR LEOCÁDIO JOSÉ CORREIA
FALEG - FACULDADE LEGALE
FALS - FACULDADE DO LITORAL SUL PAULISTA
FALSM - FACULDADE LUTERANA SÃO MARCOS
FALUB - FACULDADE LUSO-BRASILEIRA
FALURB - FACULDADE LUTERANA RUI BARBOSA
FAM - FACULDADE ARQUIDIOCESANA DE MARIANA
FAM - FACULDADE DAS AMÉRICAS
FAM - FACULDADE DE AMERICANA
FAM - FACULDADE DE MIRANDÓPOLIS
FAM - FACULDADE MONTENEGRO
FAMA - FACULDADE ALDETE MARIA ALVES
FAMA - FACULDADE AMADEUS
FAMA - FACULDADE DA AMAZÔNIA
FAMA - FACULDADE DE CIÊNCIAS JURÍDICAS E SOCIAIS DE MACEIÓ
FAMA - FACULDADE DE MACAPÁ
FAMA - FACULDADE DE MANTENA
FAMA - FACULDADE DE MAUÁ - FAMA
FAMA - FACULDADE DE TECNOLOGIA FAMA
FAMA - FACULDADE DE TECNOLOGIA MACHADO DE ASSIS
FAMA - FACULDADE MACHADO DE ASSIS
FAMA - FACULDADE METROPOLITANA DE ANÁPOLIS
FAMA - FACULDADE MINEIRENSE
FAMA - FACULDADE MONTESSORIANO DE SALVADOR
FAMAC - FAMAC - FACULDADE DE MACHADINHO DO OESTE
FAMAG - FACULDADES MAGSUL
FAMAM - FACULDADE MARIA MILZA
FAMAM-FACTAE - FACULDADE MARIA MILZA - CAMPUS FACTAE
FAMAR - FACULDADE DE MARÍLIA
FAMASUL - FACULDADE DE FORMAÇÃO DE PROFESSORES DA MATA SUL
FAMAT - FACULDADE DE MATO GROSSO
FAMAT - FACULDADE MADRE TEREZA
FAMATEC - FACULDADE DO MEIO AMBIENTE E DE TECNOLOGIA DE NEGOCIOS
FAMATH - FACULDADES INTEGRADAS MARIA THEREZA
FAMAZ - FACULDADE METROPOLITANA DA AMAZÔNIA
FAMC - FACULDADE DE ADMINISTRAÇÃO MILTON CAMPOS
FAME - FACULDADE DE MEDICINA DE BARBACENA
FAMEBLU - FACULDADE METROPOLITANA DE BLUMENAU
FAMEC - FACULDADE METROPOLITANA DE CAMAÇARI
FAMEG - FACULDADE METROPOLITANA DE GUARAMIRIM
FAMEMA - FACULDADE DE MEDICINA DE MARÍLIA
FAMENE - FACULDADE DE MEDICINA NOVA ESPERANÇA
FAMERC - FACULDADE MERCÚRIO
FAMERP - FACULDADE DE MEDICINA DE SÃO JOSÉ DO RIO PRETO
FAMES - FACULDADE DE MÚSICA DO ESPÍRITO SANTO
FAMES - FACULDADE METODISTA DE SANTA MARIA
FAMESC - FACULDADE METROPOLITANA SÃO CARLOS
FAMESC-BJI - FACULDADE METROPOLITANA SÃO CARLOS BJI
FAMESP - FACULDADE MÉTODO DE SÃO PAULO
FAMESUL - FACULDADE METROPOLITANA DE RIO DO SUL
FAMETA - FACULDADE META
FAMETRO - FACULDADE METROPOLITANA DA GRANDE FORTALEZA
FAMETRO - FACULDADE METROPOLITANA DE MANAUS
FAMETTIG - FACULDADES INTEGRADAS OLGA METTIG
FAMIG - FACULDADE MINAS GERAIS
FAMINAS - FACULDADE DE MINAS
FAMINAS-BH - FACULDADE DE MINAS BH
FAMIPAR - FACULDADE MISSIONEIRA DO PARANÁ
FAMO - FACULDADE DE TECNOLOGIA PORTO DAS MONÇÕES
FAMOESP - FACULDADE MOGIANA DO ESTADO DE SÃO PAULO
FAMOSP - FACULDADE MOZARTEUM DE SÃO PAULO
FAMPER - FACULDADE DE AMPÉRE
FAN - FACULDADE ALFREDO NASSER
FAN - FACULDADE NOBRE DE FEIRA DE SANTANA
FAN - FACULDADE NOROESTE
FANAN - FACULDADE DE NANUQUE
FANAP - FACULDADE NOSSA SENHORA APARECIDA
FANEB - FACULDADE DO NORDESTE DA BAHIA
FANEC - FACULDADE NATALENSE DE ENSINO E CULTURA 
FANEESP - FANEESP - FACULDADE NACIONAL DE EDUCAÇÃO E ENSINO SUPERIOR DO PARANÁ
FANESE - FACULDADE DE ADMINISTRAÇÃO E NEGÓCIOS DE SERGIPE
FANOR - FACULDADE NORDESTE
FANORPI - FACULDADE DO NORTE PIONEIRO
FANP - FACULDADE DO NOROESTE PARANAENSE
FANS - FACULDADE DE NOVA SERRANA
FAO - FACULDADE DE ORLÂNDIA
FAP - FACULDADE DA ALTA PAULISTA
FAP - FACULDADE DE ADMINISTRAÇÃO DE EMPRESAS DE PARAÍSO DO TOCANTINS
FAP - FACULDADE DE APUCARANA
FAP - FACULDADE DE PIMENTA BUENO
FAP - FACULDADE DE PIRACANJUBA
FAP - FACULDADE DE PONTA PORÃ
FAP - FACULDADE DO BAIXO PARNAÍBA
FAP - FACULDADE PARAÍBANA
FAP - FACULDADE PARAÍSO
FAP - FACULDADE PARAÍSO DO CEARÁ
FAP - FACULDADE PARQUE
FAP - FACULDADE PIAUIENSE
FAP - FACULDADE PIAUIENSE
FAP - FACULDADE POLITEC
FAP - FACULDADE PRISMA
FAP - FACULDADE REGIONAL PALMITOS
FAPA - FACULDADE PORTO-ALEGRENSE
FAPA - INSTITUTO DE EDUCAÇÃO SUPERIOR DE POUSO ALEGRE
FAPAC - FACULDADE PRESIDENTE ANTÔNIO CARLOS
FAPACBD - FACULDADE PRESIDENTE ANTÔNIO CARLOS DE BOM DESPACHO
FAPAG - FACULDADE PORTO DAS ÁGUAS
FAPAG - FACULDADE PRESBITERIANA AUGUSTO GALVÃO
FAPAL - FACULDADE DE PALMAS
FAPAM - FACULDADE DE PARÁ DE MINAS
FAPAN - FACULDADE DE AGRONEGÓCIO PARAÍSO DO NORTE
FAPAN - FACULDADE DO PANTANAL MATOGROSSENSE
FAPAN - FACULDADE FAPAN
FAPAN - FACULDADE PAN AMAZÔNICA
FAPAR - FACULDADE PARANAENSE
FAPAS - FACULDADE PALOTINA
FAPCOM - FACULDADE PAULUS DE TECNOLOGIA E COMUNICAÇÃO
FAPE - FACULDADE DE PRESIDENTE EPITÁCIO - FAPE
FAPE2 - FACULDADE PEDRO II
FAPEC - FACULDADE PAULISTA DE EDUCAÇÃO E COMUNICAÇÃO
FAPEN - FACULDADE PARAENSE DE ENSINO 
FAPEPE - FACULDADE DE PRESIDENTE PRUDENTE
FAPG - FACULDADE PINHEIRO GUIMARÃES
FAPI - FACULDADE DE PINDAMONHANGABA
FAPI - FACULDADE DE PINHAIS
FAPI - FACULDADE DO PIAUÍ
FAPPES - FACULDADE PAULISTA DE PESQUISA E ENSINO SUPERIOR
FAPREV - FACULDADE DE PRESIDENTE VENCESLAU
FAPRO - FACULDADE PROJEÇÃO
FAPRO - FACULDADE PROJEÇÃO DE PLANALTINA
FAPRO - FACULDADE PROJEÇÃO DE SOBRADINHO
FAPRO - FACULDADE PROJEÇÃO DE TAGUATINGA NORTE - FAPRO
FAPS - FACULDADE DE TECNOLOGIA PORTO SUL
FAPSS-SCS - FACULDADE PAULISTA DE SERVIÇO SOCIAL DE SÃO CAETANO DO SUL
FAPSS-SP. - FACULDADE PAULISTA DE SERVIÇO SOCIAL
FAQ - FACULDADE XV DE AGOSTO
FAQI - FACULDADE DE TECNOLOGIA DE GRAVATAÍ
FAQI - FACULDADE DE TECNOLOGIA DE PORTO ALEGRE
FAQUI - FACULDADE QUIRINÓPOLIS
FAR - FACULDADE ADELMAR ROSADO
FAR - FACULDADE ALMEIDA RODRIGUES
FAR - FACULDADE ANHANGUERA DE RONDONÓPOLIS
FAR - FACULDADE DE ARUJÁ
FARA - FACULDADE ARAGUAIA
FARA - FACULDADE DE ARARAQUARA
FARAL - FACULDADE REGIONAL DE ALAGOINHAS
FARB - FACULDADE REGIONAL DA BAHIA
FARB/UNIRB - FACULDADE REGIONAL DA BAHIA
FAREC - FACULDADE DO RECIFE
FARES - FACULDADE RORAIMENSE DE ENSINO SUPERIOR
FARESC - FACULDADES INTEGRADAS SANTA CRUZ DE CURITIBA
FARESE - FACULDADE DA REGIÃO SERRANA
FARO - FACULDADE DE RONDÔNIA
FARO - FACULDADE DE ROSEIRA
FAROL - FACULDADE DE ROLIM DE MOURA
FARR - FACULDADE REINALDO RAMOS
FARRP - FACULDADE DOM LUIS DE ORLEANS E BRAGANÇA
FAS - FACULDADE DE CIÊNCIAS AGRÁRIAS E DA SAÚDE
FAS - FACULDADE DO SERIDÓ
FASAM - FACULDADE SUL-AMERICANA
FASAMA - FACULDADE DE SÃO LOURENÇO
FASAP - FACULDADE SANTO ANTÔNIO DE PÁDUA
FASAR - FACULDADE SANTA RITA
FASAR - FACULDADE SANTA RITA
FASAS - FACULDADE SANT´ANNA DE SALTO
FASASETE - FACULDADE SANTO AGOSTINHO DE SETE LAGOAS
FASATC - FACULDADE SATC
FASB - FACULDADE DO SUL DA BAHIA
FASB - FACULDADE SÃO FRANCISCO DE BARREIRAS - FASB
FASB I - FACULDADE DE SÃO BERNARDO DO CAMPO - FASB
FASBAM - FACULDADE SÃO BASÍLIO MAGNO
FASBC - FACULDADE ANHANGUERA DE SÃO BERNARDO
FASBE - FACULDADE DO SERTÃO BAIANO 
FASC - FACULDADE ANHANGUERA DE SÃO CAETANO
FASC - FACULDADE DE ADMINISTRAÇÃO DE SANTA CRUZ DO RIO PARDO
FASC - FACULDADE DE SANTA CATARINA
FASC - FACULDADE SANTA CATARINA
FASC - FACULDADE SANTA CECÍLIA
FASC - FACULDADE SÃO CAMILO
FASE - FACULDADE ARTHUR SÁ EARP NETO
FASEC - FACULDADE SERRA DO CARMO
FASEH - FACULDADE DA SAÚDE E ECOLOGIA HUMANA
FASEM - FACULDADE SERRA DA MESA
FASEP - FACULDADE JK SOBRADINHO
FASER - FACULDADE SANTA EMÍLIA DE RODAT
FASER - FACULDADE SERGIPANA
FASERGY - FACULDADE SERIGY
FASERRA - INSTITUTO DE ENSINO SUPERIOR BLAURO CARDOSO DE MATTOS
FASERT - FACULDADE ANHANGUERA DE SERTÃOZINHO
FASES - FACULDADE SHALOM DE ENSINO SUPERIOR
FASETE - FACULDADE SETE DE SETEMBRO
FASF - FACULDADE DE FILOSOFIA, CIÊNCIAS E LETRAS DO ALTO SÃO FRANCISCO
FASF - FACULDADE SAGRADA FAMÍLIA
FASF - FACULDADE SUL FLUMINENSE
FASI - FACULDADE DE SAÚDE IBITURUNA
FASIP - FACULDADE SINOP
FASIPE - FACULDADE FASIPE
FASM - FACULDADE SANTA MARCELINA
FASNE - FACULDADE SALESIANA DO NORDESTE
FASP - FACULDADE DE SÃO PAULO
FASP - FACULDADE SÃO FRANCISCO DA PARAÍBA
FASPI - FACULDADE SÃO FRANCISCO DE PIUMHI
FASSP - FACULDADE DE SAÚDE DE SÃO PAULO
FASUG - FACULDADE DO SUDESTE GOIANO
FASUL - FACULDADE SUL BRASIL
FASUP - FACULDADE DE SAÚDE DE PAULISTA
FASURGS - FACULDADE ESPECIALIZADA NA ÁREA DE SAÚDE DO RIO GRANDE DO SUL
FASVIPA - FACULDADE SÃO VICENTE
FAT - FACULDADE ANGLICANA DE TAPEJARA
FAT - FACULDADE ANHANGUERA DE TECNOLOGIA DE SÃO BERNARDO
FAT - FACULDADE ANÍSIO TEIXEIRA DE FEIRA DE SANTANA
FAT - FACULDADE DE ADMINISTRAÇÃO DE TERESINA
FAT - FACULDADE DO TAPAJÓS
FAT- INAP - FACULDADE TECNOLÓGICA INAP
FAT/AL - FACULDADE DE TECNOLOGIA DE ALAGOAS
FATE - FACULDADE ATENEU
FATEA - FACULDADES INTEGRADAS TERESA D´ÁVILA
FATEB - FACULDADE DE CIÊNCIAS E TECNOLOGIA DE BIRIGUI
FATEB - FACULDADE DE TELÊMACO BORBA
FATEBE - FACULDADE TEOLÓGICA BATISTA EQUATORIAL
FATEC - FACULDADE DE CIÊNCIAS ADMINISTRATIVAS E DE TECNOLOGIA
FATEC - FACULDADE DE TECNOLOGIA DE BAURU
FATEC - FACULDADE DE TECNOLOGIA DE CARAPICUIBA
FATEC - FACULDADE DE TECNOLOGIA DE MOCOCA
FATEC - FACULDADE DE TECNOLOGIA DE OURINHOS
FATEC - FACULDADE DE TECNOLOGIA DE PRESIDENTE PRUDENTE
FATEC - FACULDADE DE TECNOLOGIA E CIÊNCIAS DE PERNAMBUCO
FATEC - FACULDADE DE TECNOLOGIA SENAC RIO
FATEC - FACULDADE TECSOMA
FATEC - ITAPETININGA - FACULDADE DE TECNOLOGIA DE ITAPETININGA - PROF.ANTÔNIO BELIZANDRO BARBOSA REZENDE
FATEC ARAÇATUBA - FACULDADE DE TECNOLOGIA DE ARAÇATUBA
FATEC BARUERI - FACULDADE DE TECNOLOGIA DE BARUERI
FATEC BT - FACULDADE DE TECNOLOGIA DE BOTUCATU
FATEC CAMPINAS - FACULDADE DE TECNOLOGIA IPEP DE CAMPINAS
FATEC CATANDUVA - FACULDADE DE TECNOLOGIA DE CATANDUVA
FATEC CRUZEIRO - PROF. WALDOMIRO MAY
FATEC EDUVALE - FACULDADE TECNOLOGIA EDUVALE - AVARÉ
FATEC ESTÁC CURITIBA - FACULDADE DE TECNOLOGIA ESTÁCIO DE CURITIBA
FATEC FLF - FACULDADE DE TECNOLOGIA LOURENÇO FILHO
FATEC FRANCA - FACULDADE DE TECNOLOGIA DR. THOMAZ NOVELINO
FATEC GR - FACULDADE DE TECNOLOGIA DE GUARULHOS
FATEC GT - FACULDADE DE TECNOLOGIA DE GUARATINGUETÁ
FATEC ITAQUA - FACULDADE DE TECNOLOGIA DE ITAQUAQUECETUBA
FATEC ITU - FACULDADE DE TECNOLOGIA DOM AMAURY CASTANHO
FATEC JALES - FACULDADE DE TECNOLOGIA DE JALES
FATEC LINS - FACULDADE DE TECNOLOGIA PROFESSOR ANTÔNIO SEABRA
FATEC MAUÁ - FACULDADE DE TECNOLOGIA DE MAUÁ
FATEC OSASCO - FACULDADE DE TECNOLOGIA DE OSASCO - PREFEITO HIRANT SANAZAR
FATEC OSWALDO CRUZ - FACULDADE DE TECNOLOGIA OSWALDO CRUZ
FATEC PIRACICABA - FACULDADE DE TECNOLOGIA DE PIRACICABA
FATEC SCS - FACULDADE DE TECNOLOGIA DE SÃO CAETANO DO SUL
FATEC SENAC PELOTAS - FACULDADE DE TECNOLOGIA SENAC PELOTAS
FATEC SENAI - FACULDADE DE TECNOLOGIA SENAI PORTO ALEGRE
FATEC SENAI BH - FACULDADE DE TECNOLOGIA SENAI BELO HORIZONTE
FATEC SERTÃOZINHO - FACULDADE DE TECNOLOGIA DE SERTÃOZINHO
FATEC SO - FACULDADE DE TECNOLOGIA DE SOROCABA
FATEC SP - FACULDADE DE TECNOLOGIA IPEP DE SÃO PAULO
FATEC SS - FACULDADE DE TECNOLOGIA DE SÃO SEBASTIÃO
FATEC TATUÍ - FACULDADE DE TECNOLOGIA DE TATUÍ - PROF. WILSON ROBERTO RIBEIRO DE CAMARGO
FATEC ZONASUL - FACULDADE DE TECONOLOGIA DA ZONA SUL
FATEC- JF - FACULDADE DE TECNOLOGIA LUIZ ADELAR SCHEUER
FATEC-AM - FACULDADE DE TECNOLOGIA DE AMERICANA
FATEC-BS - FACULDADE DE TECNOLOGIA RUBENS LARA
FATEC-ID - FACULDADE DE TECNOLOGIA DE INDAIATUBA
FATEC-IVAI - FACULDADE DE TECNOLOGIA DO VALE DO IVAÍ
FATEC-JAHU - FACULDADE DE TECNOLOGIA DE JAHU
FATEC-MC - FACULDADE DE TECNOLOGIA DE MOGI DAS CRUZES
FATEC-PR - FACULDADE DE TECNOLOGIA DE CURITIBA
FATEC-SB - FACULDADE DE TECNOLOGIA DE SÃO BERNARDO DO CAMPO
FATEC-SP - FACULDADE DE TECNOLOGIA DE SÃO PAULO
FATEC-ZL - FACULDADE DE TECNOLOGIA ZONA LESTE
FATEC/JD - FACULDADE DE TECNOLOGIA DE JUNDIAÍ
FATEC/TQ - FACULDADE DE TECNOLOGIA DE TAQUARITINGA
FATECE - FATECE - FACULDADE DE TECNOLOGIA, CIÊNCIAS E EDUCAÇÃO
FATECGA - FACULDADE DE TECNOLOGIA DE GARÇA
FATECH - FACULDADE DE TEOLOGIA E CIÊNCIAS HUMANAS
FATECI - FACULDADE DE TECNOLOGIA INTENSIVA
FATECIB - FACULDADE DE TECNOLOGIA SENAI ÍTALO BOLOGNA
FATECIE - FACULDADE DE TECNOLOGIA E CIENCIAS DO NORTE DO PARANÁ
FATECIPI - FACULDADE DE TECNOLOGIA DO IPIRANGA
FATECMM - FATEC ARTHUR AZEVEDO - MOGI MIRIM
FATECPB - FACULDADE DE TECNOLOGIA DA PARAÍBA
FATECPG - FACULDADE DE TECNOLOGIA DE PRAIA GRANDE
FATECRP - FACULDADE DE TECNOLOGIA DE SÃO JOSÉ DO RIO PRETO
FATECSJCAMPOS - FACULDADE DE TECNOLOGIA DE SÃO JOSÉ DOS CAMPOS - JESSEN VIDAL
FATEF - FACULDADE DE TECNOLOGIA DE SÃO VICENTE
FATEFIG - FACULDADE DE TEOLOGIA, FILOSOFIA E CIÊNCIAS HUMANAS GAMALIEL
FATEGIDIO - FACULDADE DE TECNOLOGIA EGÍDIO JOSÉ DA SILVA
FATEJ - FACULDADE DE TECNOLOGIA JARDIM
FATEJA - FACULDADE ANHANGUERA JARAGUÁ DO SUL
FATENE - FACULDADE DE TECNOLOGIA DO NORDESTE
FATENE - FACULDADE TERRA NORDESTE
FATENP - FACULDADE DE TECNOLOGIA NOVA PALHOÇA
FATEP - FACULDADE DE TECNOLOGIA DE PIRACICABA
FATEP - FACULDADE DE TECNOLOGIA FATEP
FATEP - FACULDADE DE TECNOLOGIA PENTÁGONO
FATEP - FACULDADE TRÊS PONTAS
FATEPA - FACULDADE DE TECNOLOGIA ITEPA
FATEPI - FACULDADE DE TECNOLOGIA DO PIAUÍ
FATESF - FACULDADE DE TECNOLOGIA SÃO FRANCISCO
FATESG - FACULDADE DE TECNOLOGIA SENAI DE DESENVOLVIMENTO GERENCIAL
FATEV - FACULDADE DE TEOLOGIA EVANGÉLICA EM CURITIBA - FATEV
FATI - FACULDADE EDUCACIONAL DE ARAPOTI
FATIMA - INSTITUTO SUPERIOR DE EDUCAÇÃO FRANCISCANO NOSSA SENHORA DE FÁTIMA
FATIN - FACULDADE DE TEOLOGIA INTEGRADA
FATIPUC - FACULDADE DE TECNOLOGIA IPUC
FATJ - FACULDADE ANHANGUERA DE TECNOLOGIA DE JUNDUAÍ
FATO - FACULDADE MONTEIRO LOBATO
FATRA - FACULDADE DO TRABALHO
FATS - FACULDADE ANHANGUERA DE TABOÃO DA SERRA
FATTEP - FACULDADE DE TECNOLOGIA PEDRO ROGÉRIO GARCIA
FAU - FACULDADE DE AURIFLAMA
FAU G. VALADARES - FACULDADE PRESIDENTE ANTÔNIO CARLOS DE GOVERNADOR VALADARES
FAUC - FACULDADE CUIABÁ
FAUSB - FACULDADES INTEGRADAS DESEMBARGADOR SÁVIO BRANDÃO
FAV - FACULDADE ANHANGUERA DE VALPARAÍSO
FAVAG - FACULDADE VALE DO GORUTUBA
FAVED - FACULDADE DO VALE ELVIRA DAYRELL - FAVED
FAVENI - FACULDADE VENDA NOVA DO IMIGRANTE
FAVI - FACULDADE VICENTINA - FAVI
FAVI - FACULDADE VITORIANA DE CIÊNCIAS CONTÁBEIS
FAVI - FACULDADE VITORIANA DE TECNOLOGIA
FAVI - INSTITUTO DE ENSINO SUPERIOR E FORMAÇÃO AVANÇADA DE VITÓRIA
FAVIC - FACULDADE VISCONDE DE CAIRÚ
FAVIM - FACULDADE DO VALE DO ITAJAÍ MIRIM
FAZAG - FACULDADE ZACARIAS DE GÓES
FAZP - FACULDADE ZUMBI DOS PALMARES
FAZU - FACULDADES ASSOCIADAS DE UBERABA - FAZU
FB - FACULDADE BARRETOS
FB-AA - FACULDADE BARDDAL DE ARTES APLICADAS
FBB - FACULDADE BATISTA BRASILEIRA
FBC - FACULDADE BRASIL CENTRAL
FBJ - FACULDADE DO BELO JARDIM
FBM - FACULDADE BORGES DE MENDONÇA
FBMG - FACULDADE BATISTA DE MINAS GERAIS
FBNCTSB - FACULDADE BOAS NOVAS DE CIÊNCIAS TEOLÓGICAS, SOCIAIS E BIOTECNOLÓGICAS
FBT - FACULDADE BRASILEIRA DE TECNOLOGIA
FBV - FACULDADE BOA VIAGEM
FCA - FACULDADE CASTRO ALVES
FCAA - FACULDADE DE CIÊNCIAS AGRÁRIAS DE ANDRADINA
FCACSL - FACULDADE SANTA LÚCIA
FCARP - FACULDADE CATÓLICA RAINHA DA PAZ DE ARAPUTANGA
FCAT - FACULDADE DE CASTANHAL
FCB - FACULDADE CASTELO BRANCO
FCC - FACULDADE CIDADE DE COROMANDEL
FCC - FACULDADE CRISTÃ DE CURITIBA
FCCA - FACULDADE DE CIÊNCIAS CONTÁBEIS DE ASSIS
FCCAE - FACULDADE DE CIÊNCIAS CONTÁBEIS E DE ADMINISTRAÇÃO DE EMPRESAS
FCCI - FACULDADE DE CIÊNCIAS CONTÁBEIS DE ITAPETININGA
FCDA - FACULDADE CARLOS DRUMMOND DE ANDRADE
FCE - FACULDADE CAMPOS ELÍSEOS
FCEACDB - FACULDADE DE CIÊNCIAS ECONÔMICAS, ADMINISTRATIVAS E DA COMPUTAÇÃO DOM BOSCO
FCETM - FACULDADE DE CIÊNCIAS ECONÔMICAS DO TRIÂNGULO MINEIRO
FCF - FACULDADE CATÓLICA DE FORTALEZA
FCG - FACULDADE CAMPO GRANDE 
FCG - FACULDADE DE CIÊNCIAS EDUCACIONAIS DE CAPIM GROSSO
FCG - FACULDADE DE CIÊNCIAS GERENCIAIS BARÃO DE JUNDIAÍ
FCGB - FACULDADE ALFACASTELO
FCGD - FACULDADE REGES DE DRACENA
FCHE - FACULDADE DE CIÊNCIAS HUMANAS ESUDA
FCHPE - FACULDADE DE CIÊNCIAS HUMANAS DE PERNAMBUCO
FCHVRG - FACULDADE DE CIÊNCIAS HUMANAS DO VALE DO RIO GRANDE
FCJ - FACULDADE CENECISTA DE JOINVILLE - FACE
FCJ - FACULDADE UNIME DE CIÊNCIAS JURÍDICAS
FCJP - FACULDADE CIDADE DE JOÃO PINHEIRO
FCJP - FACULDADE DE CIÊNCIAS JURÍDICAS DE PARAÍSO DO TOCANTINS
FCJSD - FACULDADE DE CIÊNCIAS JURÍDICAS DE SANTOS DUMONT
FCL - FACULDADE CÁSPER LÍBERO
FCM - FACULDADE DE CIÊNCIAS MÉDICAS DE CAMPINA GRANDE
FCM-PB - FACULDADE DE CIÊNCIAS MÉDICAS DA PARAÍBA
FCMMG - FACULDADE DE CIÊNCIAS MÉDICAS DE MINAS GERAIS
FCMS/JF - FACULDADE DE CIÊNCIAS MÉDICAS E DA SAÚDE DE JUIZ DE FORA
FCMSCSP - FACULDADE DE CIÊNCIAS MÉDICAS DA SANTA CASA SÃO PAULO
FCMV - FACULDADE CANDIDO MENDES DE VITÓRIA
FCN - FACULDADE CANÇÃO NOVA
FCNM - FACULDADE DO CLUBE NÁUTICO MOGIANO
FCNSV - FACULDADE CATÓLICA NOSSA SENHORA DAS VITÓRIAS
FCP - FACULDADE DOS CERRADOS PIAUIENSES
FCR - FACULDADE CATÓLICA DE RONDONIA
FCR - FACULDADE CATÓLICA RECIFE
FCR - FACULDADE CÂNDIDO RONDON
FCRO - FACULDADE CENECISTA DE RIO DAS OSTRAS
FCRS - FACULDADE CATÓLICA RAINHA DO SERTÃO
FCS - FACULDADE CIDADE DO SALVADOR
FCS - FACULDADE UNIME DE CIÊNCIAS SOCIAIS
FCSAC - FACULDADE DE CIÊNCIAS SOCIAIS APLICADAS DE CASCAVEL
FCSGN - FACULDADE DE CIÊNCIAS SOCIAIS DE GUARANTÃ DO NORTE
FCSL - FACULDADE CENECISTA DE SETE LAGOAS
FCST - FACULDADE CATÓLICA SANTA TERESINHA
FCT - FACULDADE UNIME DE CIÊNCIAS EXATAS E TECNOLÓGICAS
FCU - FACULDADE CATÓLICA DE UBERLÂNDIA
FCV - FACULDADE CIDADE VERDE
FCV - FACULDADE CIÊNCIAS DA VIDA
FD - FACULDADE DAMÁSIO
FDA - FACULDADE DOM ALBERTO
FDB - FACULDADE DOM BOSCO
FDB - FACULDADE DOM BOSCO DE PORTO ALEGRE
FDC - FACULDADE DE DUQUE DE CAXIAS
FDCI - FACULDADE DE DIREITO DE CACHOEIRO DO ITAPEMIRIM
FDCL - FACULDADE DE DIREITO DE CONSELHEIRO LAFAIETE
FDF - FACULDADE DE DIREITO DE FRANCA
FDG - FACULDADE DE DIREITO DE GARANHUNS
FDMC - FACULDADE DE DIREITO MILTON CAMPOS
FDPII - FACULDADE DOM PEDRO II
FDR - FACULDADE DEL REY
FDR - FACULDADE PADRE DOURADO - FDR
FDSBC - FACULDADE DE DIREITO DE SÃO BERNARDO DO CAMPO
FDSM - FACULDADE DE DIREITO DO SUL DE MINAS
FDV - FACULDADE DE VIÇOSA
FDV - FACULDADES INTEGRADAS DE VITÓRIA
FE - FACULDADE EVANGÉLICA
FE TAGUATINGA - FACULDADE EVANGÉLICA DE TAGUATINGA
FEAD - FACULDADE DE ESTUDOS SUPERIORES DE MINAS GERAIS
FEAD - MG - FACULDADE DE ESTUDOS ADMINISTRATIVOS DE MINAS GERAIS - FEAD-MG
FEAMIG - FACULDADE DE ENGENHARIA DE MINAS GERAIS - FEAMIG
FEAN - FACULDADE ENERGIA DE ADMINISTRAÇÃO E NEGÓCIOS
FEAPA - FACULDADE DE ESTUDOS AVANÇADOS DO PARÁ
FEATI - FACULDADE DE EDUCAÇÃO, ADMINISTRAÇÃO E TECNOLOGIA DE IBAITI
FEBAC - FACULDADE DE EDUCAÇÃO DE BACABAL - FEBAC
FEBASP - CENTRO UNIVERSITÁRIO BELAS ARTES DE SÃO PAULO
FEC - FACULDADE UNIME DE EDUCAÇÃO E COMUNICAÇÃO
FEC-FAAP - FACULDADE DE ECONOMIA DA FUNDAÇÃO ARMANDO ALVARES PENTEADO
FECAP - CENTRO UNIVERSITÁRIO ÁLVARES PENTEADO
FECET - FACULDADE DE TECNOLOGIA EVOLUÇÃO
FECG-SP - FACULDADE DE EDUCAÇÃO E CIÊNCIAS GERENCIAIS DE SÃO PAULO
FECGS - FACULDADE DE EDUCAÇÃO E CIÊNCIAS GERENCIAIS DE SUMARÉ
FECHA - FACULDADE DE EDUCAÇÃO E CIÊNCIAS HUMANAS DE ANICUNS
FECIPAR - FACULDADE DE EDUCAÇÃO CIÊNCIAS E LETRAS DE PARAÍSO
FECLE - FACULDADE DE EDUCAÇÃO CIÊNCIAS E LETRAS DON DOMÊNICO
FECR - FACULDADE EVANGÉLICA CRISTO REI - DESCREDENCIADA ( DESPACHO SERES/MEC 15/2015, PUBLICADO NO DOU DE 09/03/2015)
FECRA - FACULDADE DE EDUCAÇÃO DE COSTA RICA
FEES VAZANTE - FACULDADE PRESIDENTE ANTÔNIO CARLOS DE VAZANTE
FEEVALE - UNIVERSIDADE FEEVALE
FEFAAP - FACULDADE DE ENGENHARIA DA FUNDAÇÃO ARMANDO ALVARES PENTEADO
FEFB - FACULDADE EDUCACIONAL DE FRANCISCO BELTRÃO
FEFISA - FEFISA - FACULDADES INTEGRADAS DE SANTO ANDRÉ
FEFISO - FACULDADE DE EDUCAÇÃO FÍSICA DA ASSOCIAÇÃO CRISTÃ DE MOÇOS DE SOROCABA
FEFRJ - FACULDADE DE ECONOMIA E FINANÇAS DO RIO DE JANEIRO
FEI - CENTRO UNIVERSITÁRIO DA FUNDAÇÃO EDUCACIONAL INACIANA PE SABÓIA DE MEDEIROS
FEICS - FACULDADES EVANGÉLICAS INTEGRADAS CANTARES DE SALOMÃO
FELM - FACULDADE DE ENFERMAGEM LUIZA DE MARILLAC
FEMA - FACULDADES INTEGRADAS MACHADO DE ASSIS
FEMASS - FACULDADE PROFESSOR MIGUEL ÂNGELO DA SILVA SANTOS
FENA - FACULDADE DE EDUCAÇÃO DE NOVA ANDRADINA
FENORD - INSTITUTO DE ENSINO SUPERIOR INTEGRADO-IESI
FEPAM - FACULDADE EUROPÉIA DE ADMINISTRAÇÃO E MARKETING
FEPAR - FACULDADE EVANGÉLICA DO PARANÁ
FEPI - CENTRO UNIVERSITÁRIO DE ITAJUBÁ
FEPI - FACULDADE DE ECONOMIA E PROCESSAMENTO DE DADOS DE FOZ DO IGUAÇU
FEPI - FACULDADE DE EDUCAÇÃO FÍSICA DE FOZ DO IGUAÇU
FER - FACULDADE DE ENGENHARIA DE RESENDE
FERA - FACULDADE DE ENSINO REGIONAL ALTERNATIVA
FERLAGOS - FACULDADE DA REGIÃO DOS LAGOS
FESAR - FACULDADE DE ENSINO SUPERIOR DA AMAZÔNIA REUNIDA
FESAV - FACULDADE DE ESTUDOS SOCIAIS APLICADOS DE VIANA
FESB - FACULDADE DE CIÊNCIAS E LETRAS DE BRAGANÇA PAULISTA
FESC - FUNDAÇÃO DE ENSINO SUPERIOR DE CLEVELÂNDIA
FESCG - FACULDADE ESTÁCIO DE SÁ DE CAMPO GRANDE
FESGO - FACULDADE ESTÁCIO DE SÁ DE GOIÁS
FESL - FACULDADE DE EDUCAÇÃO SÃO LUÍS
FESM - FACULDADE DE ENGENHARIA SOUZA MARQUES
FESP - FACULDADE DE ENGENHARIA SÃO PAULO
FESP - FACULDADE DE ENSINO SUPERIOR DA PARAÍBA
FESPPR - FACULDADE DE EDUCAÇÃO SUPERIOR DO PARANÁ
FEST - FACULDADE DE EDUCAÇÃO SANTA TEREZINHA
FESURV - UNIVERSIDADE DE RIO VERDE
FESV - FACULDADE ESTÁCIO DE SÁ DE VITÓRIA
FESVIP - FACULDADE DE ENFERMAGEM SÃO VICENTE DE PAULA
FESVV - FACULDADE ESTÁCIO DE SÁ DE VILA VELHA
FETAC - FETAC - FACULDADE DE EDUCAÇÃO, TECNOLOGIA E ADMINISTRAÇÃO DE CAARAPÓ
FETREMIS - FACULDADE DE EDUCAÇÃO E TECNOLOGIA DA REGIÃO MISSIONEIRA
FF - FACULDADE FIDELIS
FFB - FACULDADE FARIAS BRITO
FFCL - FACULDADE DE FILOSOFIA CIÊNCIAS E LETRAS DE ITUVERAVA
FFCL - FACULDADE DE FILOSOFIA CIÊNCIAS E LETRAS DE SÃO JOSÉ DO RIO PARDO
FFCLDB - FACULDADE DE FILOSOFIA CIÊNCIAS E LETRAS DOM BOSCO
FFCLDC - FACULDADE DE FILOSOFIA, CIÊNCIAS E LETRAS DE DUQUE DE CAXIAS
FFCLI - FACULDADE DE FILOSOFIA, CIÊNCIAS E LETRAS DE ITAPETININGA
FFCLSM - FACULDADE DE FILOSOFIA CIÊNCIAS E LETRAS SOUZA MARQUES
FFIA - FACULDADE FIA DE ADMINISTRAÇÃO E NEGÓCIOS
FFRAMO - FACULDADE DE TECNOLOGIA FRANCISCO MORATO
FFSD - FACULDADE DE FILOSOFIA SANTA DOROTÉIA
FFTP - FACULDADE DE FILOSOFIA E TEOLOGIA PAULO VI
FG - FACULDADE DOS GUARARAPES
FG - FACULDADE GUARAPUAVA
FG - FACULDADES INTEGRADAS DE CIÊNCIAS HUMANAS, SAÚDE E EDUCAÇÃO DE GUARULHOS
FGF - FACULDADE INTEGRADA DA GRANDE FORTALEZA
FGG - FACULDADE GUILHERME GUIMBALA
FGP - FACULDADE GENNARI E PEARTREE
FGS - FACULDADE GAMA E SOUZA
FGU - FACULDADE GLOBAL DE UMUARAMA
FGV - ESCOLA SUPERIOR DE CIÊNCIAS SOCIAIS
FGV DIREITO SP - ESCOLA DE DIREITO DE SÃO PAULO - FGV DIREITO SP
FGV-EAESP - ESCOLA DE ADMINISTRAÇÃO DE EMPRESAS DE SÃO PAULO
FHR - FACULDADE HÉLIO ROCHA
FI - FI - FACULDADE IGUAÇU
FIA - FACULDADE INTERAÇÃO AMERICANA
FIAMA - FACULDADE DE AMAMBAI
FIAP - FACULDADE DE INFORMÁTICA E ADMINISTRAÇÃO PAULISTA
FIAR - FACULDADES INTEGRADAS DE ARARAQUARA
FIAR - FACULDADES INTEGRADAS DE ARIQUEMES
FIAVEC - FACULDADES INTEGRADAS DE VÁRZEA GRANDE
FIB - FACULDADES INTEGRADAS DE BAURU
FIB - INSTITUTO DE EDUCAÇÃO SUPERIOR DE BOITUVA
FIBAM - FACULDADES INTEGRADAS BARROS MELO
FIBH - FACULDADE ISEIB DE BELO HORIZONTE
FIBRA - FACULDADE DO INSTITUTO BRASIL
FIBRA - FACULDADE INTEGRADA BRASIL AMAZONIA - FIBRA
FIC - FACULDADES INTEGRADAS CAMPO-GRANDENSES
FIC - FACULDADES INTEGRADAS DE CARATINGA
FIC - FACULDADES INTEGRADAS DE CASSILÂNDIA
FIC - FACULDADES INTEGRADAS DE CATAGUASES
FICA - FACULDADES INTEGRADAS CAMÕES
FICS - FACULDADES INTEGRADAS CAMPOS SALLES
FICSAE - FACULDADE ISRAELITA DE CIÊNCIAS DA SAÚDE EINSTEIN
FID - FACULDADES INTEGRADAS DE DIAMANTINO
FIED - FACUDADE IEDUCARE - FIED
FIEL - FACULDADES INTEGRADAS EINSTEIN DE LIMEIRA
FIES - FACULDADES INTEGRADAS ESPÍRITA
FIESC - FACULDADE INTEGRADA DE ENSINO SUPERIOR DE COLINAS
FIESI - FACULDADE SANTA IZILDINHA
FIFE - FACULDADES INTEGRADAS DE FERNANDÓPOLIS
FII - FACULDADES INTEGRADAS DE ITAPETININGA
FIJ - FACULDADES INTEGRADAS DE JACAREPAGUÁ
FIJ - FACULDADES INTEGRADAS DE JAHU
FILC - FACULDADE DE INFORMÁTICA LEMOS DE CASTRO
FILEM - FACULDADE LUIZ EDUARDO MAGALHÃES
FIMCA - FACULDADES INTEGRADAS APARÍCIO CARVALHO
FIMI - FACULDADES INTEGRADAS MARIA IMACULADA
FINAC - FACULDADE NACIONAL
FINAV - FACULDADES INTEGRADAS DE NAVIRAÍ
FINOM - FACULDADE DO NOROESTE DE MINAS
FIO - FACULDADES INTEGRADAS DE OURINHOS
FIOURO - FACULDADE DE INFORMÁTICA DE OURO PRETO DO OESTE
FIP - FACULDADE DE PORTO VELHO
FIP - FACULDADE DO INTERIOR PAULISTA
FIP - FACULDADE IDEAL PAULISTA
FIP - FACULDADES INTEGRADAS DE PATOS
FIP - FACULDADES INTEGRADAS DE PONTA PORÃ
FIP - FACULDADES INTEGRADAS PAULISTA
FIP-MOC - FACULDADES INTEGRADAS PITÁGORAS
FIPA - FACULDADES INTEGRADAS PADRE ALBINO
FIPAG - FACULDADES PITÁGORAS UNIDADE GUARAPARI
FIPAR - FACULDADES INTEGRADAS DE PARANAÍBA - FIPAR
FIPECAFI - FACULDADE FIPECAFI
FIPEN - INSTITUTO PAULISTA DE ENSINO
FIPEP - FACULDADES INTEGRADAS IPEP
FIRA - FACULDADES INTEGRADAS REGIONAIS DE AVARÉ
FIRB - FACULDADES INTEGRADAS RUI BARBOSA
FIRP - FACULDADES INTEGRADAS DE RIBEIRÃO PIRES
FIS - FACULDADE DE CIÊNCIAS JURÍDICAS, GERENCIAIS E EDUCAÇÃO DE SINOP
FIS - FACULDADE DE INTEGRAÇÃO DO SERTÃO
FIS - FACULDADES INTEGRADAS SIMONSEN
FISBE - FACULDADE ISEIB DE BETIM
FISE - FACULDADES INTEGRADAS DE SERGIPE
FISMA - FACULDADE INTEGRADA DE SANTA MARIA
FISMA - FACULDADES INTEGRADAS STELLA MARIS DE ANDRADINA
FISO - FACULDADES INTEGRADAS SOARES DE OLIVEIRA
FISP - FACULDADES INTEGRADAS DE SÃO PAULO
FISUL - FACULDADE DE INTEGRAÇÃO DO ENSINO SUPERIOR DO CONE SUL
FIT - FACULDADE DE ITAPECERICA DA SERRA
FIT - FACULDADE IMPACTA DE TECNOLOGIA
FIT - FACULDADE INFÓRIUM DE TECNOLOGIA
FIT - FACULDADE INTEGRAÇÃO TIETE
FITB - FACULDADE ITEANA DE BOTUCATU
FITS - CENTRO UNIVERSITÁRIO TIRADENTES
FITS - FACULDADES INTEGRADAS DE TANGARÁ DA SERRA
FIU - FACULDADES INTEGRADAS URUBUPUNGÁ
FIVJ - FACULDADES INTEGRADAS VIANNA JÚNIOR
FIVR - FACULDADES INTEGRADAS DO VALE DO RIBEIRA
FIZO - FACULDADE ANHANGUERA DE OSASCO
FJ - FACULDADE JANGADA
FJAV - FACULDADE JOSÉ AUGUSTO VIEIRA
FJB - FACULDADE DE JOSÉ BONIFÁCIO
FJC - FACULDADE JOÃO CALVINO
FJF - FACULDADE JUIZ DE FORA 
FJN - FACULDADE DE JUAZEIRO DO NORTE
FJN - FACULDADE JOAQUIM NABUCO - PAULISTA
FJN - FACULDADE JOAQUIM NABUCO RECIFE
FJP - FACULDADES JOÃO PAULO II
FJT - FACULDADE JUVÊNCIO TERRA
FKBH - FACULDADE KENNEDY DE BELO HORIZONTE
FKMG - FACULDADE KENNEDY DE MINAS GERAIS - FKMG
FLATED - FACULDADE LATINO AMERICANA DE EDUCAÇÃO
FLF - FACULDADE LOURENÇO FILHO
FLF - FACULDADE LUCIANO FEIJÃO
FLP - FACULDADE DO LITORAL PARANAENSE
FLS - FACULDADE DE CIÊNCIAS APLICADAS DOUTOR LEÃO SAMPAIO
FLT - FACULDADE LUTERANA DE TEOLOGIA
FMA - FACULDADE DE MONTE ALTO
FMABC - FACULDADE DE MEDICINA DO ABC
FMB - FACULDADE MONTES BELOS
FMC - FACULDADE DE MEDICINA DE CAMPOS
FMC - FACULDADE METROPOLITANA DE CAIEIRAS
FMCG - FACULDADE DE MÚSICA CARLOS GOMES
FMD - FACULDADE MATER DEI
FMF - FACULDADE MARTHA FALCÃO
FMG - FACULDADE METODISTA GRANBERY
FMIT - FACULDADE DE MEDICINA DE ITAJUBÁ
FMJ - FACULDADE DE MEDICINA DE JUNDIAÍ
FMJ - MACKENZIE RIO - FACULDADE MORAES JÚNIOR - MACKENZIE RIO
FMN CARUARU - FACULDADE MAURÍCIO DE NASSAU DE CARUARU
FMN CG - FACULDADE MAURÍCIO DE NASSAU DE CAMPINA GRANDE
FMN DE BELÉM - FACULDADE MAURÍCIO DE NASSAU DE BELÉM
FMN FORTALEZA - FACULDADE MAURÍCIO DE NASSAU DE FORTALEZA
FMN JOÃO PESSOA - FACULDADE MAURÍCIO DE NASSAU DE JOÃO PESSOA
FMN NATAL - FACULDADE MAURÍCIO DE NASSAU DE NATAL
FMN SALVADOR - FACULDADE MAURÍCIO DE NASSAU DE SALVADOR
FMP - FACULDADE DE MEDICINA DE PETRÓPOLIS
FMP - FACULDADE MAX PLANCK
FMP - FACULDADE MUNICIPAL DE PALHOÇA
FMPFM - FACULDADE MUNICIPAL PROFESSOR FRANCO MONTORO DE MOGI GUAÇU
FMR - FACULDADE MARECHAL RONDON
FMS - FACULDADE MACHADO SOBRINHO
FMS - FACULDADE MARIO SCHENBERG
FMS - FACULDADE MORUMBI SUL
FMT - FACULDADE MADRE THAIS
FMU - CENTRO UNIVERSITÁRIO DAS FACULDADES METROPOLITANAS UNIDAS
FNB - FACULDADE NAZARENA DO BRASIL
FNC - FACULDADE NOSSA CIDADE
FNG - FACULDADE DO NORTE GOIANO
FNM - FACULDADE NOVO MILÊNIO
FNR - FACULDADE NOVA ROMA
FNSA - FACULDADE DE FILOSOFIA, CIÊNCIAS E LETRAS NOSSA SENHORA APARECIDA
FNSL - INSTITUTO SUPERIOR DE EDUCAÇÃO NOSSA SENHORA DE LOURDES
FOC - FACULDADES OSWALDO CRUZ
FOCCA - FOCCA - FACULDADE DE OLINDA
FOCO - FACULDADE OCTÓGONO
FOM - FACULDADE DE ODONTOLOGIA DE MANAUS
FOR - FACULDADE DE ODONTOLOGIA DO RECIFE
FP - FACULDADE PARANAPANEMA
FPA - FACULDADE PAN AMERICANA
FPA - FACULDADE PAULISTA DE ARTES
FPAS - FACULDADE PITÁGORAS DE BELO HORIZONTE
FPB - FACULDADE INTERNACIONAL DA PARAÍBA
FPBE - FACULDADE PERUIBE
FPD - FACULDADE PASCHOAL DANTAS
FPD - FACULDADE PIO DÉCIMO
FPD - FACULDADE PITÁGORAS DE DIVINÓPOLIS - FPD
FPDMB - FACULDADE PROFESSOR DIRSON MACIEL DE BARROS
FPF - FACULDADE PEREIRA DE FREITAS
FPI - FACULDADE PITÁGORAS DE IPATINGA
FPL - FACULDADE PEDRO LEOPOLDO
FPM - FACULDADE CIDADE DE PATOS DE MINAS
FPM - FACULDADE PRUDENTE DE MORAES
FPP - FACULDADES PEQUENO PRÍNCIPE
FPPD - FACULDADE PIAUIENSE DE PROCESSAMENTO DE DADOS
FPS - FACULDADE PERNAMBUCANA DE SAÚDE 
FPU - FACULDADE POLITÉCNICA DE UBERLÂNDIA
FQM - FACULDADE DE QUATRO MARCOS
FRAN - FACULDADE RANCHARIENSE
FRASCE - FACULDADE DE REABILITAÇÃO DA ASCE
FRB - FACULDADES INTEGRADAS RIO BRANCO
FRB-GV - FACULDADES INTEGRADAS RIO BRANCO GRANJA VIANNA
FRBA - FACULDADE RUY BARBOSA
FRM - FACULDADE RAIMUNDO MARINHO
FS - FACULDADE DE SAÚDE E DESENVOLVIMENTO HUMANO SANTO AGOSTINHO
FSA - FACULDADE SANTO AGOSTINHO
FSA - FACULDADE SANTO ANTONIO
FSB - FACULDADE DE SÃO BENTO
FSB - FACULDADE SÃO BRAZ
FSB/RJ - FACULDADE SÃO BENTO DO RIO DE JANEIRO
FSBA - FACULDADE SOCIAL DA BAHIA
FSC - FACULDADE DE SANTA CRUZ DA BAHIA
FSDB - FACULDADE SALESIANA DOM BOSCO
FSDB - FACULDADE SALESIANA DOM BOSCO DE PIRACICABA
FSF - FACULDADE SÃO FIDELIS
FSG - FACULDADE DA SERRA GAÚCHA
FSG - FACULDADE SÃO GABRIEL
FSG - FACULDADE SÃO GERALDO
FSH - FACULDADE SANTA HELENA
FSJ - FACULDADE MARANHENSE SÃO JOSÉ DOS COCAIS
FSJ - FACULDADE SÃO JOSÉ
FSJT - FACULDADE SÃO JUDAS TADEU
FSL - FACULDADE SÃO LUCAS
FSL - FACULDADE SÃO LUÍS
FSLF - FACULDADE SÃO LUÍS DE FRANÇA
FSLMG - FACULDADE PROMOVE DE SETE LAGOAS
FSM - FACULDADE SANTA MARIA
FSM - FACULDADE SANTA MARIA
FSM - FACULDADE SENAC MINAS
FSMA - FACULDADE SALESIANA MARIA AUXILIADORA
FSO - FACULDADE ANHANGÜERA DE SOROCABA
FSP - FACULDADE DE TECNOLOGIA SAINT PASTOUS
FSP - FACULDADE SUDOESTE PAULISTA
FSP - FACULDADE SÃO PAULO
FSS - FACULDADE SÃO SALVADOR
FSSS - FACULDADE SANTÍSSIMO SACRAMENTO
FSST - FACULDADE SALESIANA DE SANTA TERESA
FSTA - FACULDADE SÃO TOMAZ DE AQUINO
FSV - FACULDADE DE SÃO VICENTE
FT - FACULDADE TÁHIRIH
FTA - FACULDADE DE TECNOLOGIA DE MACAPÁ
FTB - FACULDADE TOBIAS BARRETO
FTBAW - FACULDADE TEOLÓGICA BATISTA ANA WOLLERMAN
FTBB - FACULDADE TEOLÓGICA BATISTA DE BRASÍLIA
FTBSP - FACULDADE TEOLÓGICA BATISTA DE SÃO PAULO
FTC - FACULDADE DE TECNOLOGIA E CIÊNCIAS DE FEIRA DE SANTANA
FTC - FACULDADE DE TECNOLOGIA E CIÊNCIAS DE ITABUNA
FTC - FACULDADE DE TECNOLOGIA E CIÊNCIAS DE JEQUIÉ
FTC - FACULDADE DE TECNOLOGIA E CIÊNCIAS DE VITÓRIA DA CONQUISTA
FTC SALVADOR - FACULDADE DE TECNOLOGIA E CIÊNCIAS
FTC SERTÃO CENTRAL - FACULDADE DE TECNOLOGIA CENTEC - SERTÃO CENTRAL
FTEC BENTO GONÇALVES - FACULDADE DE TECNOLOGIA TECBRASIL - UNIDADE BENTO GONÇALVES
FTEC CAXIAS - FACULDADE DE TECNOLOGIA TECBRASIL
FTEC NOVO HAMBURGO - FACULDADE DE TECNOLOGIA TECBRASIL - UNIDADE NOVO HAMBURGO
FTEC PORTO ALEGRE - FACULDADE DE TECNOLOGIA TECBRASIL - UNIDADE PORTO ALEGRE
FTED - FACULDADE DE TECNOLOGIA EQUIPE DARWIN
FTGA - FACULDADE DE TAQUARITINGA
FTM - FACULDADE TRIÂNGULO MINEIRO
FTNCDA - FACULDADE DE TECNOLOGIA E NEGÓCIOS CARLOS DRUMMOND DE ANDRADE 
FTS - FACULDADE DE TECNOLOGIA SENAC MINAS - UNIDADE BELO HORIZONTE
FTSA - FACULDADE TEOLÓGICA SUL AMERICANA
FTSG - FACULDADE DE TECNOLOGIA DA SERRA GAÚCHA - BENTO CONÇALVES
FTSG - FACULDADE DE TECNOLOGIA DA SERRA GAÚCHA - CAXIAS DO SUL
FTT - FACULDADE DE TECNOLOGIA TERMOMECÂNICA
FUBSJ - FACULDADE UNIÃO BANDEIRANTE
FUC - FACULDADES UNIFICADAS DE CATAGUASES
FUCAMP - FACULDADE DE CIÊNCIAS HUMANAS E SOCIAIS
FUCAP - FACULDADE CAPIVARI
FUCAPE - FACULDADE FUCAPE
FUG - FACULDADE UNIÃO DE GOYAZES
FUG - FACULDADES UNIFICADAS DE GUARAPARI
FUI - FACULDADES UNIFICADAS DE IÚNA
FUL - FACULDADES UNIFICADAS DE LEOPOLDINA
FUMEC - UNIVERSIDADE FUMEC
FUNAC - FACULDADE UNA DE CONTAGEM
FUNEC - FACULDADES INTEGRADAS DE SANTA FÉ DO SUL
FUNEC AIMORÉS - FACULDADE PRESIDENTE ANTÔNIO CARLOS DE AIMORÉS
FUNEC MARIANA - FACULDADE PRESIDENTE ANTÔNIO CARLOS DE MARIANA
FUNEC MONTES CLAROS - FACULDADE PRESIDENTE ANTÔNIO CARLOS DE MONTES CLAROS
FUNEC NOVA LIMA - FACULDADE PRESIDENTE ANTÔNIO CARLOS DE NOVA LIMA
FUNEES - FACULDADE PRESIDENTE ANTÔNIO CARLOS DE ELÓI MENDES
FUNEES - FACULDADE PRESIDENTE ANTÔNIO CARLOS DE SENHORA DOS REMÉDIOS
FUNEES ARCOS - FACULDADE PRESIDENTE ANTÔNIO CARLOS DE ARCOS
FUNEES BAEPENDI - FACULDADE PRESIDENTE ANTÔNIO CARLOS DE BAEPENDI
FUNEES G. VALADARES - FACULDADE DE EDUCAÇÃO E ESTUDOS SOCIAIS DE GOVERNADOR VALADARES
FUNEES ITABIRA - FACULDADE PRESIDENTE ANTÔNIO CARLOS DE ITABIRA
FUNEES ITAMBACURI - FACULDADE PRESIDENTE ANTÔNIO CARLOS DE ITAMBACURI
FUNEES ITANHANDU - FACULDADE PRESIDENTE ANTÔNIO CARLOS DE ITANHANDU
FUNEES LAMBARI - FACULDADE PRESIDENTE ANTÔNIO CARLOS DE LAMBARI
FUNEES PONTE NOVA - FACULDADE PRESIDENTE ANTÔNIO CARLOS DE PONTE NOVA
FUNEES R. DAS NEVES - FACULDADE PRESIDENTE ANTÔNIO CARLOS DE RIBEIRÃO DAS NEVES
FUNEES SABARÁ - FACULDADE PRESIDENTE ANTÔNIO CARLOS DE SABARÁ
FUNEES TEÓFILO OTONI - FACULDADE PRESIDENTE ANTÔNIO CARLOS DE TEÓFILO OTONI
FUNEES UBERLÂNDIA - FACULDADE DE EDUCAÇÃO E ESTUDOS SOCIAIS DE UBERLÂNDIA
FUNIC - FACULDADE ÚNICA DE CONTAGEM
FUNIP - FACULDADE ÚNICA DE IPATINGA
FUNIT - FACULDADE ÚNICA DE TIMÓTEO
FUNORTE - FACULDADES INTEGRADAS DO NORTE DE MINAS - FUNORTE
FURB - UNIVERSIDADE REGIONAL DE BLUMENAU
FURG - UNIVERSIDADE FEDERAL DO RIO GRANDE
FUTO - FACULDADES UNIFICADAS DE TEÓFILO OTONI
FV - FACULDADE DE VINHEDO
FVB - FACULDADE VILLAS BOAS
FVG - FACULDADE VASCO DA GAMA
FVH - FACULDADE VICTOR HUGO
FVJ - FACULDADE DO VALE DO JAGUARIBE
FVS - FACULDADE VALE DO SALGADO
HORUS - FACULDADE PINHALZINHO
HOTEC - FACULDADE DE TECNOLOGIA EM HOTELARIA, GASTRONOMIA E TURISMO DE SÃO PAULO
I.S.E.G. - INSTITUTO SUPERIOR DE EDUCAÇÃO DE GOIANA
I.T.E.S. - INSTITUTO TAUBATÉ DE ENSINO SUPERIOR
IAES - FACULDADE DO AMAZONAS
IAESUP - INSTITUTO APHONSIANO DE ENSINO SUPERIOR
IAP - FACULDADE ADVENTISTA PARANAENSE
IAVM - AVM - FACULDADE INTEGRADA
IBES - INSTITUTO BAIANO DE ENSINO SUPERIOR
IBES - INSTITUTO BLUMENAUENSE DE ENSINO SUPERIOR
IBESA - INSTITUTO BATISTA DE ENSINO SUPERIOR DE ALAGOAS
IBGEN - FACULDADE IBGEN
IBGEN - FACULDADE IBGEN - INSTITUTO BRASILEIRO DE GESTÃO DE NEGÓCIOS
IBGM / FGM - FACULDADE DE TECNOLOGIA GESTÃO & MARKETING
IBHES - INSTITUTO BELO HORIZONTE DE ENSINO SUPERIOR
IBMEC - FACULDADE IBMEC
IBRAFEM - FACULDADE DE ADMINISTRAÇÃO DE EMPRESAS IBRAFEM
IBRATEC - FACULDADE DE TECNOLOGIA IBRATEC
IBS - FACULDADE IBS
IBTA - FACULDADE DE TECNOLOGIA IBTA
IBTA - FACULDADE DE TECNOLOGIA IBTA - SÃO JOSÉ DOS CAMPOS
IBTA - FACULDADE DE TECNOLOGIA IBTA CAMPINAS
ICE - FACULDADES INTEGRADAS MATO-GROSSENSES DE CIÊNCIAS SOCIAIS E HUMANAS
ICEC - INSTITUTO CUIABÁ DE ENSINO E CULTURA
ICES - FACULDADE CATUAÍ
ICESP - FACULDADE ICESP
ICESPI - INSTITUTO CATÓLICO DE ESTUDOS SUPERIORES DO PIAUÍ
ICF - INSTITUTO DE CIÊNCIAS JURÍDICAS E SOCIAIS PROFESSOR CAMILLO FILHO
ICS - INSTITUTO DE CIÊNCIAS DA SAÚDE
ICSH - INSTITUTO DE CIÊNCIAS SOCIAIS E HUMANAS
IDC - FACULDADE IDC
IECEMB - FAB - FACULDADE ASA DE BRUMADINHO
IED SP - FACULDADE DE TECNOLOGIA DO ISTITUTO EUROPEO DI DESIGN
IEPO - INSTITUTO DE ENSINO E PESQUISA OBJETIVO
IESA - INSTITUTO DE EDUCAÇÃO E ENSINO SUPERIOR DE SAMAMBAIA
IESA - INSTITUTO DE ENSINO SUPERIOR DE ALAGOAS
IESA - INSTITUTO DE ENSINO SUPERIOR DE AMERICANA
IESA - INSTITUTO DE ENSINO SUPERIOR SANTO ANDRÉ
IESA/FACCAA - FACULDADE DE CIÊNCIAS CONTÁBEIS E ADMINISTRATIVAS DE AVARÉ
IESACRE - INSTITUTO DE ENSINO SUPERIOR DO ACRE
IESAP - INSTITUTO DE ENSINO SUPERIOR DO AMAPÁ
IESB - CENTRO UNIVERSITÁRIO DO INSTITUTO DE EDUCAÇÃO SUPERIOR DE BRASÍLIA - IESB
IESB - INSTITUTO DE ENSINO SUPERIOR DE BAURU
IESC - INSTITUTO DE ENSINO SUPERIOR SANTA CECÍLIA
IESCAMP - INSTITUTO DE EDUCAÇÃO E ENSINO SUPERIOR DE CAMPINAS
IESF - INSTITUIÇÃO DE ENSINO SÃO FRANCISCO
IESF - INSTITUTO DE ENSINO SUPERIOR DA FUNLEC
IESF - INSTITUTO DE ENSINO SUPERIOR DE FORTALEZA
IESF - INSTITUTO DE ENSINO SUPERIOR FRANCISCANO
IESFI - INSTITUTO DE ENSINO SUPERIOR DE FOZ DO IGUAÇU
IESG - INSTITUTO DE ENSINO SUPERIOR DE GARÇA
IESGF - INSTITUTO DE ENSINO SUPERIOR DA GRANDE FLORIANÓPOLIS
IESGO - FACULDADES INTEGRADAS IESGO
IESI - INSTITUTO DE ENSINO SUPERIOR DE ITAPIRA
IESM - INSTITUTO DE ENSINO SUPERIOR MÚLTIPLO
IESMA - INSTITUTO DE ENSINO SUPERIOR DO SUL DO MARANHÃO
IESMA - INSTITUTO DE ESTUDOS SUPERIORES DO MARANHÃO
IESMT - INSTITUTO DE ENSINO SUPERIOR DE MATO GROSSO
IESO - INSTITUTO DE ENSINO SUPERIOR DE OLINDA
IESP - INSTITUTO DE EDUCAÇÃO SUPERIOR DA PARAÍBA
IESP - INSTITUTO DE ENSINO SUPERIOR DE PIEDADE
IESPES - INSTITUTO ESPERANÇA DE ENSINO SUPERIOR
IESPLAN - INSTITUTO DE ENSINO SUPERIOR PLANALTO
IESRIVER - INSTITUTO DE ENSINO SUPERIOR DE RIO VERDE
IESRN - INSTITUTO DE ENSINO SUPERIOR DO RIO GRANDE DO NORTE
IESRSA - INSTITUTO DE EDUCAÇÃO SUPERIOR RAIMUNDO SÁ
IESSA - FACULDADE SANT'ANA
IEST - INSTITUTO DE ENSINO SUPERIOR DE TERESINA
IESUB - INSTITUTO DE EDUCAÇÃO SUPERIOR UNYAHNA DE BARREIRAS
IESUR - INSTITUTO DE ENSINO SUPERIOR DE RONDÔNIA
IESUS - INSTITUTO DE EDUCAÇÃO SUPERIOR UNYAHNA DE SALVADOR
IEVAL - FACULDADE DE DESENVOLVIMENTO SUSTENTÁVEL DE CRUZEIRO DO SUL
IF CATARINENSE - INSTITUTO FEDERAL DE EDUCAÇÃO, CIÊNCIA E TECNOLOGIA CATARINENSE
IF FLUMINENSE - INSTITUTO FEDERAL DE EDUCAÇÃO, CIÊNCIA E TECNOLOGIA FLUMINENSE
IF GOIANO - INSTITUTO FEDERAL DE EDUCAÇÃO, CIÊNCIA E TECNOLOGIA GOIANO
IF SERTÃO - INSTITUTO FEDERAL DE EDUCAÇÃO, CIÊNCIA E TECNOLOGIA DO SERTÃO PERNAMBUCANO
IF SUL DE MINAS - INSTITUTO FEDERAL DE EDUCAÇÃO, CIÊNCIA E TECNOLOGIA DO SUL DE MINAS GERAIS
IFAC - INSTITUTO FEDERAL DE EDUCAÇÃO, CIÊNCIA E TECNOLOGIA DO ACRE
IFAL - INSTITUTO FEDERAL DE EDUCAÇÃO, CIÊNCIA E TECNOLOGIA DE ALAGOAS
IFAM - INSTITUTO FEDERAL DE EDUCAÇÃO, CIÊNCIA E TECNOLOGIA  DO AMAZONAS
IFAP - INSTITUTO FEDERAL DE EDUCAÇÃO, CIÊNCIA E TECNOLOGIA DO AMAPÁ
IFASC - FACULDADE SANTA RITA DE CÁSSIA
IFB - INSTITUTO FEDERAL DE EDUCAÇÃO, CIENCIA E TECNOLOGIA DE BRASILIA
IFBA - INSTITUTO FEDERAL DE EDUCAÇÃO, CIÊNCIA E TECNOLOGIA DA BAHIA
IFBAIANO - INSTITUTO FEDERAL DE EDUCAÇÃO, CIÊNCIA E TECNOLOGIA BAIANO
IFCE - INSTITUTO FEDERAL DE EDUCAÇÃO, CIÊNCIA E TECNOLOGIA DO CEARÁ
IFES - INSTITUTO CENECISTA FAYAL DE ENSINO SUPERIOR
IFES - INSTITUTO FEDERAL DE EDUCAÇÃO, CIÊNCIA E TECNOLOGIA DO ESPÍRITO SANTO
IFES - INSTITUTO FLORENCE DE ENSINO SUPERIOR
IFFARROUPILHA - INSTITUTO FEDERAL DE EDUCAÇÃO, CIÊNCIA E TECNOLOGIA FARROUPILHA
IFG - INSTITUTO FEDERAL DE EDUCAÇÃO, CIÊNCIA E TECNOLOGIA DE GOIÁS
IFIBE - INSTITUTO SUPERIOR DE FILOSOFIA BERTHIER
IFITEG - INSTITUTO DE FILOSOFIA E TEOLOGIA DE GOIÁS
IFMA - INSTITUTO FEDERAL DE EDUCAÇÃO, CIÊNCIA E TECNOLOGIA DO MARANHÃO
IFMG - INSTITUTO FEDERAL DE EDUCAÇÃO, CIÊNCIA E TECNOLOGIA DE MINAS GERAIS
IFMS - INSTITUTO FEDERAL DE EDUCAÇÃO, CIÊNCIA E TECNOLOGIA DE MATO GROSSO DO SUL
IFMT - INSTITUTO FEDERAL DE EDUCAÇÃO, CIÊNCIA E TECNOLOGIA DE MATO GROSSO
IFNMG - INSTITUTO FEDERAL DE EDUCAÇÃO, CIÊNCIA E TECNOLOGIA DO NORTE DE MINAS GERAIS
IFPA - INSTITUTO FEDERAL DE EDUCAÇÃO, CIÊNCIA E TECNOLOGIA DO PARÁ
IFPB - INSTITUTO FEDERAL DE EDUCAÇÃO, CIÊNCIA E TECNOLOGIA  DA PARAÍBA
IFPE - INSTITUTO FEDERAL DE EDUCAÇÃO, CIÊNCIA E TECNOLOGIA DE PERNAMBUCO
IFPI - INSTITUTO FEDERAL DE EDUCAÇÃO, CIÊNCIA E TECNOLOGIA DO PIAUÍ
IFPR - INSTITUTO FEDERAL DE EDUCAÇÃO, CIÊNCIA E TECNOLOGIA DO PARANÁ
IFRJ - INSTITUTO FEDERAL DE EDUCAÇÃO, CIÊNCIA E TECNOLOGIA DO RIO DE JANEIRO
IFRN - INSTITUTO FEDERAL DE EDUCAÇÃO, CIÊNCIA E TECNOLOGIA DO RIO GRANDE DO NORTE
IFRO - INSTITUTO FEDERAL DE EDUCAÇÃO CIÊNCIA E TECNOLOGIA DE RONDÔNIA
IFRR - INSTITUTO FEDERAL DE EDUCAÇÃO, CIÊNCIA E TECNOLOGIA DE RORAIMA
IFRS - INSTITUTO FEDERAL DE EDUCAÇÃO, CIÊNCIA E TECNOLOGIA DO RIO GRANDE DO SUL
IFS - INSTITUTO FEDERAL DE EDUCAÇÃO, CIÊNCIA E TECNOLOGIA DE SERGIPE
IFSC - INSTITUTO FEDERAL DE EDUCAÇÃO, CIÊNCIA E TECNOLOGIA  DE SANTA CATARINA
IFSEMG - INSTITUTO FEDERAL DE EDUCAÇÃO, CIÊNCIA E TECNOLOGIA DO SUDESTE DE MINAS GERAIS
IFSP - INSTITUTO FEDERAL DE EDUCAÇÃO, CIÊNCIA E TECNOLOGIA DE SÃO PAULO
IFSUL - INSTITUTO FEDERAL DE EDUCAÇÃO, CIÊNCIA E TECNOLOGIA SUL-RIO-GRANDENSE
IFTM - INSTITUTO FEDERAL DE EDUCAÇÃO, CIÊNCIA E TECNOLOGIA  DO TRIÂNGULO MINEIRO
IFTO - INSTITUTO FEDERAL DE EDUCAÇÃO, CIÊNCIA E TECNOLOGIA DO TOCANTINS
IIES - INSTITUTO ITAPETININGANO DE ENSINO SUPERIOR
ILES - INSTITUTO LUTERANO DE ENSINO SUPERIOR DE ITUMBIARA
IME - INSTITUTO MILITAR DE ENGENHARIA
IMEC - INSTITUTO MARANHENSE DE ENSINO E CULTURA
IMED - FACULDADE MERIDIONAL
IMENSU - FACULDADE DE CIÊNCIAS HUMANAS
IMEPAC - INSTITUTO MASTER DE ENSINO PRESIDENTE ANTÔNIO CARLOS
IMES - INSTITUTO MACHADENSE DE ENSINO SUPERIOR
IMES - INSTITUTO METROPOLITANO DE ENSINO SUPERIOR
IMES CATANDUVA - INSTITUTO MUNICIPAL DE ENSINO SUPERIOR DE CATANDUVA
IMESB - INSTITUTO MUNICIPAL DE ENSINO SUPERIOR DE BEBEDOURO VICTÓRIO CARDASSI
IMESSM - INSTITUTO MUNICIPAL DE ENSINO SUPERIOR DE SÃO MANUEL
IMMES - INSTITUTO MACAPAENSE DE ENSINO SUPERIOR
IMMES - INSTITUTO MATONENSE MUNICIPAL DE ENSINO SUPERIOR
INATEL - INSTITUTO NACIONAL DE TELECOMUNICAÇÕES
INCISOH - INSTITUTO DE CIÊNCIAS SOCIAIS E HUMANAS
INEA - ESCOLA SUPERIOR DE ADMINISTRAÇÃO DE EMPRESAS
INEC - FACULDADE DE EDUCAÇÃO  ACRIANA EUCLIDES DA CUNHA
INEC - INSTITUTO EDUCACIONAL DE CASTRO
INES - INSTITUTO NACIONAL DE EDUCAÇÃO DE SURDOS
INESA - INSTITUTO DE ENSINO SUPERIOR SANTO ANTÔNIO
INESP - FACULDADE INESP - INSTITUTO NACIONAL DE ENSINO E PESQUISA
INESUL - INSTITUTO DE ENSINO SUPERIOR DE LONDRINA - INESUL
INFNET - INSTITUTO INFNET RIO DE JANEIRO
INPER - INSTITUTO PARAIBANO DE ENSINO RENOVADO
INSEP - INSTITUTO SUPERIOR DE EDUCAÇÃO DO PARANÁ
INSPER - INSPER INSTITUTO DE ENSINO E PESQUISA
INTA - FACULDADE INTERNACIONAL DO DELTA
INTA - INSTITUTO SUPERIOR DE TEOLOGIA APLICADA
INTESP - FACULDADE INTESP
IPA - CENTRO UNIVERSITÁRIO METODISTA
IPEMED - FACULDADE IPEMED DE CIÊNCIAS MÉDICAS
IPESU - INSTITUTO PERNAMBUCANO DE ENSINO SUPERIOR
IPOG - IPOG - INSTITUTO DE PÓS-GRADUAÇÃO & GRADUAÇÃO
IPTAN - INSTITUTO DE ENSINO SUPERIOR PRESIDENTE TANCREDO DE ALMEIDA NEVES
ISALBE - INSTITUTO SUPERIOR DE EDUCAÇÃO ALBERT EINSTEIN
ISAT - INSTITUTO SUPERIOR DE CIÊNCIAS HUMANAS E SOCIAIS ANÍSIO TEIXEIRA
ISCA - INSTITUTO SUPERIOR DE CIÊNCIAS APLICADAS - ISCA
ISCECAP - INSTITUTO SUPERIOR DE EDUCAÇÃO DO CECAP
ISE - SION - INSTITUTO SUPERIOR DE EDUCAÇÃO NOSSA SENHORA DE SION
ISE VERA CRUZ - INSTITUTO SUPERIOR DE EDUCAÇÃO VERA CRUZ
ISE-CERES - INSTITUTO SUPERIOR DE EDUCAÇÃO CERES
ISE-PADRAO - INSTITUTO SUPERIOR DE EDUCAÇÃO PADRÃO
ISEAAFI - INSTITUTO SUPERIOR DE EDUCAÇÃO ANGLO-AMERICANO
ISEAR - INSTITUTO SUPERIOR DE EDUCAÇÃO ALMEIDA RODRIGUES
ISEAT - INSTITUTO SUPERIOR DE EDUCAÇÃO ATENEU
ISEB - INSTITUTO SUPERIOR DE EDUCAÇÃO DE BARRETOS
ISEC - INSTITUTO SALVADOR DE ENSINO E CULTURA
ISEC - INSTITUTO SUPERIOR DE EDUCAÇÃO DE CAJAZEIRAS
ISECAMP - INSTITUTO SUPERIOR DE EDUCAÇÃO CAMPO LIMPO PAULISTA
ISECC - INSTITUTO SUPERIOR DE EDUCAÇÃO CARLOS CHAGAS
ISECENSA - INSTITUTO SUPERIOR DE EDUCAÇÃO DO CENTRO EDUCACIONAL NOSSA SENHORA AUXILIADORA
ISECUB - FACULDADE DE EDUCAÇÃO
ISEE - INSTITUTO SUPERIOR DE EDUCAÇÃO EQUIPE
ISEED - INSTITUTO SUPERIOR DE EDUCAÇÃO ELVIRA DAYRELL
ISEF - INSTITUTO SUPERIOR DE EDUCAÇÃO DE FLORESTA
ISEFOR - INSTITUTO SUPERIOR DE EDUCAÇÃO PROFESSORA NAIR FORTES ABU-MERHY
ISEG - INSTITUTO SUPERIOR DE EDUCAÇÃO DE GARÇA
ISEI - INSTITUTO SUPERIOR DE EDUCAÇÃO IVOTI
ISEIB - INSTITUTO SUPERIOR DE EDUCAÇÃO IBITURUNA
ISEJ - FACULDADE DE JUNQUEIRÓPOLIS
ISEMI - INSTITUTO SUPERIOR DE EDUCAÇÃO DO MUNICÍPIO DE ITAPERUNA
ISEOL - INSTITUTO SUPERIOR DE EDUCAÇÃO DE OLIVEIRA
ISEOL - INSTITUTO SUPERIOR DE EDUCAÇÃO ORÍGENES LESSA
ISEP - INSTITUTO SUPERIOR DE EDUCAÇÃO DE PESQUEIRA
ISEPAM - INSTITUTO SUPERIOR DE EDUCAÇÃO PROFESSOR ALDO MUYLAERT
ISEPE  RONDON - FACULDADE DE ENSINO SUPERIOR DE MARECHAL CÂNDIDO RONDON
ISEPE GUARATUBA - INSTITUTO SUPERIOR DE EDUCAÇÃO DE GUARATUBA
ISEPEC - INSTITUTO SUPERIOR DE ENSINO E PESQUISA DE CAMBUÍ
ISEPRO - INSTITUTO SUPERIOR DE EDUCAÇÃO PROGRAMUS
ISERJ - INSTITUTO SUPERIOR DE EDUCAÇÃO DO RIO DE JANEIRO
ISES - FACULDADE SUMARÉ
ISES - FACULDADES INTEGRADAS DO TAPAJÓS
ISES - INSTITUTO SUPERIOR DE EDUCAÇÃO DA SERRA
ISES - INSTITUTO SUPERIOR DE EDUCAÇÃO DE SALGUEIRO
ISESA - INSTITUTO SUPERIOR DE EDUCAÇÃO SANT´ANA
ISESD - INSTITUTO SUPERIOR DE EDUCAÇÃO DE SANTOS DUMONT
ISESJT - INSTITUTO SUPERIOR DE EDUCAÇÃO SÃO JUDAS TADEU
ISESPI - INSTITUTO SUPERIOR DE EDUCAÇÃO DO SUL DO PIAUÍ
ISTA - INSTITUTO SANTO TOMÁS DE AQUINO
ISULPAR - INSTITUTO SUPERIOR DO LITORAL DO PARANÁ
ITA - INSTITUTO TECNOLÓGICO DE AERONÁUTICA
ITC - INSTITUTO TECNOLÓGICO DE CARATINGA
ITCSAS/CENSA - INSTITUTO TECNOLÓGICO E DAS CIÊNCIAS SOCIAIS APLICADAS E DA SAÚDE DO CENTRO EDUC. N. SRª AUXILIADORA
ITECNE - FACULDADES ITECNE DE CASCAVEL
ITEPAFACULDADES - FACULDADE DE TEOLOGIA E CIÊNCIAS HUMANAS
ITES - INSTITUTO TAQUARITINGUENSE DE ENSINO SUPERIOR DR. ARISTIDES DE CARVALHO SCHLOBACH
ITESP - INSTITUTO SÃO PAULO DE ESTUDOS SUPERIORES
ITF - INSTITUTO TEOLÓGICO FRANCISCANO
ITOP - FACULDADE ITOP
IUESO - INSTITUTO UNIFICADO DE ENSINO SUPERIOR OBJETIVO
LIBERTAS - LIBERTAS - FACULDADES INTEGRADAS
MACKENZIE - UNIVERSIDADE PRESBITERIANA MACKENZIE
MATER CHRISTI - FACULDADE DE CIÊNCIAS E TECNOLOGIA MATER CHRISTI
MAUADF - FACULDADE MAUÁ DE BRASÍLIA
META - FACULDADE DE TECNOLOGIA DO AMAPÁ
METODISTA - FACULDADE METODISTA DE CIÊNCIAS HUMANAS E EXATAS
METROCAMP - FACULDADE INTEGRADA METROPOLITANA DE CAMPINAS
METROPOLITANA - FACULDADE METROPOLITANA DE MARABÁ
MICHELANGELO - FACULDADE MICHELANGELO
MULTIVIX CASTELO - FACULDADE DE CASTELO - MULTIVIX CASTELO
MULTIVIX NOVA VENÉCI - FACULDADE CAPIXABA DE NOVA VENÉCIA
MULTIVIX SERRA - FACULDADE CAPIXABA DA SERRA
MULTIVIX SÃO MATEUS - FACULDADE NORTE CAPIXABA DE SAO MATEUS
MULTIVIX VITÓRIA - FACULDADE BRASILEIRA
MÓDULO - CENTRO UNIVERSITÁRIO MÓDULO
NEWTON PAIVA - CENTRO UNIVERSITÁRIO NEWTON PAIVA
NF - NOVA FACULDADE
NOVAFAPI - CENTRO UNIVERSITÁRIO DA FACULDADE DE SAÚDE, CIÊNCIAS HUMANAS E TECNOLÓGICAS DO PIAUÍ
NOVOS HORIZONTES - FACULDADE NOVOS HORIZONTES
NWK - FACULDADE NETWORK
OCIDEMNTE - INSTITUTO SUPERIOR DE EDUCAÇÃO OCIDENTE
PADRAO - FACULDADE PADRÃO
PFD - FACULDADE PROCESSUS
PHENIX - FACULDADE PHÊNIX DE CIÊNCIAS HUMANAS E SOCIAIS DO BRASIL
PIO XII - BIO - FACULDADE DE CIÊNCIAS BIOMÉDICAS DO ESPÍRITO SANTO
PIO XII - DIR - FACULDADE ESPÍRITO SANTENSE DE CIÊNCIAS JURÍDICAS
PIO XII - FACULDADE DE ESTUDOS SOCIAIS DO ESPÍRITO SANTO
PIT CONTAGEM - FACULDADE PITÁGORAS DE CONTAGEM
PIT GUARAPARI - FACULDADE DE COMUNICAÇÃO PITÁGORAS UNIDADE GUARAPARI
PIT GV - FACULDADE PITÁGORAS DE GOVERNADOR VALADARES
PIT JUNDIAÍ - FACULDADE PITÁGORAS DE JUNDIAÍ
PIT TEIXEIRA - FACULDADE PITÁGORAS DE TEIXEIRA DE FREITAS
PIT UBERLÂNDIA - FACULDADE PITÁGORAS DE UBERLÂNDIA
PIT-FATEC - FACULDADE PITÁGORAS DE TECNOLOGIA DE BELO HORIZONTE
PITÁGORAS-BETIM - FACULDADE PITÁGORAS DE BETIM
POLICAMP - FACULDADE POLITÉCNICA DE CAMPINAS
PROMOVE - FACULDADE PROMOVE DE BELO HORIZONTE
PROMOVE - FACULDADE PROMOVE DE MINAS GERAIS
PUC GOIÁS - PONTIFÍCIA UNIVERSIDADE CATÓLICA DE GOIÁS
PUC MINAS - PONTIFÍCIA UNIVERSIDADE CATÓLICA DE MINAS GERAIS
PUC-CAMPINAS - PONTIFÍCIA UNIVERSIDADE CATÓLICA DE CAMPINAS
PUC-RIO - PONTIFÍCIA UNIVERSIDADE CATÓLICA DO RIO DE JANEIRO
PUCPR - PONTIFÍCIA UNIVERSIDADE CATÓLICA DO PARANÁ
PUCRS - PONTIFÍCIA UNIVERSIDADE CATÓLICA DO RIO GRANDE DO SUL
PUCSP - PONTIFÍCIA UNIVERSIDADE CATÓLICA DE SÃO PAULO
REFIDIM - FACULDADE REFIDIM
SABERES - FACULDADE SABERES
SALT - SEMINÁRIO ADVENTISTA LATINO-AMERICANO DE TEOLOGIA
SAO CAMILO - CENTRO UNIVERSITÁRIO SÃO CAMILO
SECAL - FACULDADE SANTA AMÉLIA
SEDAC - FACULDADE SEDAC
SEF - FACULDADE FLEMING
SEFLU - FACULDADE DE CIÊNCIAS MÉDICAS E PARAMÉDICAS FLUMINENSE
SEI/FAI - FACULDADE DE ITAPIRANGA
SENAC - FACULDADE DE TECNOLOGIA SENAC BLUMENAU
SENAC - FACULDADE DE TECNOLOGIA SENAC CAÇADOR
SENAC - FACULDADE DE TECNOLOGIA SENAC TUBARÃO
SENAC CRICIÚMA - FACULDADE DE TECNOLOGIA SENAC CRICIÚMA
SENAC FLORIANÓPOLIS - FACULDADE DE TECNOLOGIA SENAC FLORIANÓPOLIS
SENAC PASSO FUNDO - FACULDADE DE TECNOLOGIA SENAC PASSO FUNDO
SENAC/RS - FACULDADE SENAC PORTO ALEGRE - FSPOA
SENACPE - FACULDADE SENAC PERNAMBUCO
SENACSP - CENTRO UNIVERSITÁRIO SENAC
SENAI -SC - CTAI - FACULDADE DE TECNOLOGIA SENAI FLORIANÓPOLIS
SENAI CIMATEC - FACULDADE DE TECNOLOGIA SENAI CIMATEC
SENAI DE JOINVILLE - FACULDADE DE TECNOLOGIA SENAI JOINVILLE
SENAI-CETIQT - FACULDADE SENAI-CETIQT
SER - FACULDADE RAÍZES
SETREM - FACULDADE TRÊS DE MAIO
SEUNE - FACULDADE DA SEUNE
SFNSC - FACULDADE GEREMÁRIO DANTAS
SINAL - SINAL - FACULDADE DE TEOLOGIA E FILOSOFIA
SINERGIA - FACULDADE SINERGIA
SINGULARIDADES/ISESP - INSTITUTO SUPERIOR DE EDUCAÇÃO DE SÃO PAULO
SJT - FACULDADES INTEGRADAS SÃO JUDAS TADEU
SLMANDIC - FACULDADE DE ODONTOLOGIA SÃO LEOPOLDO MANDIC
SOCIESC - FACULDADE SOCIESC DE CURITIBA
SOECS - FACULDADE DE SABARÁ
SUDAMÉRICA - FACULDADE SUDAMÉRICA
SULDAMÉRICA - FACULDADE SUL DA AMÉRICA
SÃO CAMILO-ES - CENTRO UNIVERSITÁRIO SÃO CAMILO - ESPÍRITO SANTO
TIJUCUSSU - FACULDADE TIJUCUSSU
TOLEDO PRUDENTE - CENTRO UNIVERSITÁRIO ANTÔNIO EUFRÁSIO DE TOLEDO DE PRESIDENTE PRUDENTE - TOLEDO PRUDENTE
TREVISAN - TREVISAN ESCOLA SUPERIOR DE NEGÓCIOS
TREVISAN ESCOLA SUPERIOR DE NEGÓCIOS
UAM - UNIVERSIDADE ANHEMBI MORUMBI
UBC - UNIVERSIDADE BRAZ CUBAS
UBM - CENTRO UNIVERSITÁRIO DE BARRA MANSA
UCAM - UNIVERSIDADE CÂNDIDO MENDES
UCB - UNIVERSIDADE CASTELO BRANCO
UCB - UNIVERSIDADE CATÓLICA DE BRASÍLIA
UCDB - UNIVERSIDADE CATÓLICA DOM BOSCO
UCESP - FACULDADE UNIÃO CULTURAL DO ESTADO DE SÃO PAULO
UCL - CENTRO UNIVERSITÁRIO CELSO LISBOA
UCL - FACULDADE DO CENTRO LESTE
UCP - FACULDADE DE ENSINO SUPERIOR DO CENTRO DO PARANÁ
UCP - UNIVERSIDADE CATÓLICA DE PETRÓPOLIS
UCPEL - UNIVERSIDADE CATÓLICA DE PELOTAS
UCS - UNIVERSIDADE DE CAXIAS DO SUL
UCSAL - UNIVERSIDADE CATÓLICA DO SALVADOR
UDC - CENTRO UNIVERSITÁRIO DINÂMICA DAS CATARATAS
UDESC - FUNDAÇÃO UNIVERSIDADE DO ESTADO DE SANTA CATARINA
UDF - CENTRO UNIVERSITÁRIO DO DISTRITO FEDERAL
UEA - UNIVERSIDADE DO ESTADO DO AMAZONAS
UEAP - UNIVERSIDADE DO ESTADO DO AMAPÁ
UECE - UNIVERSIDADE ESTADUAL DO CEARÁ
UEFS - UNIVERSIDADE ESTADUAL DE FEIRA DE SANTANA
UEG - UNIVERSIDADE ESTADUAL DE GOIÁS
UEL - UNIVERSIDADE ESTADUAL DE LONDRINA
UEM - UNIVERSIDADE ESTADUAL DE MARINGÁ
UEMA - UNIVERSIDADE ESTADUAL DO MARANHÃO
UEMG - UNIVERSIDADE DO ESTADO DE MINAS GERAIS
UEMS - UNIVERSIDADE ESTADUAL DE MATO GROSSO DO SUL
UENF - UNIVERSIDADE ESTADUAL DO NORTE FLUMINENSE DARCY RIBEIRO
UENP - UNIVERSIDADE ESTADUAL DO NORTE DO PARANÁ
UEPB - UNIVERSIDADE ESTADUAL DA PARAÍBA
UEPG - UNIVERSIDADE ESTADUAL DE PONTA GROSSA
UERGS - UNIVERSIDADE ESTADUAL DO RIO GRANDE DO SUL
UERJ - UNIVERSIDADE DO ESTADO DO RIO DE JANEIRO
UERN - UNIVERSIDADE DO ESTADO DO RIO GRANDE DO NORTE
UERR - UNIVERSIDADE ESTADUAL DE RORAIMA
UESB - UNIVERSIDADE ESTADUAL DO SUDOESTE DA BAHIA
UESC - UNIVERSIDADE ESTADUAL DE SANTA CRUZ
UESPI - UNIVERSIDADE ESTADUAL DO PIAUÍ
UESSBA - FACULDADE DO SERTÃO
UEZO - CENTRO UNIVERSITÁRIO ESTADUAL DA ZONA OESTE
UFABC - FUNDAÇÃO UNIVERSIDADE FEDERAL DO ABC
UFAC - UNIVERSIDADE FEDERAL DO ACRE
UFAL - UNIVERSIDADE FEDERAL DE ALAGOAS
UFAM - UNIVERSIDADE FEDERAL DO AMAZONAS
UFBA - UNIVERSIDADE FEDERAL DA BAHIA
UFC - UNIVERSIDADE FEDERAL DO CEARÁ
UFCA - UNIVERSIDADE FEDERAL DO CARIRI
UFCG - UNIVERSIDADE FEDERAL DE CAMPINA GRANDE
UFCSPA - FUNDAÇÃO UNIVERSIDADE FEDERAL DE CIÊNCIAS DA SAÚDE DE PORTO ALEGRE
UFERSA - UNIVERSIDADE FEDERAL RURAL DO SEMI-ÁRIDO
UFES - UNIVERSIDADE FEDERAL DO ESPÍRITO SANTO
UFF - UNIVERSIDADE FEDERAL FLUMINENSE
UFFS - UNIVERSIDADE FEDERAL DA FRONTEIRA SUL
UFG - UNIVERSIDADE FEDERAL DE GOIÁS
UFGD - FUNDAÇÃO UNIVERSIDADE FEDERAL DA GRANDE DOURADOS
UFJF - UNIVERSIDADE FEDERAL DE JUIZ DE FORA
UFLA - UNIVERSIDADE FEDERAL DE LAVRAS
UFMA - UNIVERSIDADE FEDERAL DO MARANHÃO
UFMG - UNIVERSIDADE FEDERAL DE MINAS GERAIS
UFMS - UNIVERSIDADE FEDERAL DE MATO GROSSO DO SUL
UFMT - UNIVERSIDADE FEDERAL DE MATO GROSSO
UFOB - UNIVERSIDADE FEDERAL DO OESTE DA BAHIA
UFOP - UNIVERSIDADE FEDERAL DE OURO PRETO
UFOPA - UNIVERSIDADE FEDERAL DO OESTE DO PARÁ
UFPA - UNIVERSIDADE FEDERAL DO PARÁ
UFPB - UNIVERSIDADE FEDERAL DA PARAÍBA
UFPE - UNIVERSIDADE FEDERAL DE PERNAMBUCO
UFPEL - UNIVERSIDADE FEDERAL DE PELOTAS
UFPI - UNIVERSIDADE FEDERAL DO PIAUÍ
UFPR - UNIVERSIDADE FEDERAL DO PARANÁ
UFRA - UNIVERSIDADE FEDERAL RURAL DA AMAZÔNIA
UFRB - UNIVERSIDADE FEDERAL DO RECÔNCAVO DA BAHIA
UFRGS - UNIVERSIDADE FEDERAL DO RIO GRANDE DO SUL
UFRJ - UNIVERSIDADE FEDERAL DO RIO DE JANEIRO
UFRN - UNIVERSIDADE FEDERAL DO RIO GRANDE DO NORTE
UFRPE - UNIVERSIDADE FEDERAL RURAL DE PERNAMBUCO
UFRR - UNIVERSIDADE FEDERAL DE RORAIMA
UFRRJ - UNIVERSIDADE FEDERAL RURAL DO RIO DE JANEIRO
UFS - UNIVERSIDADE FEDERAL DE SERGIPE
UFSC - UNIVERSIDADE FEDERAL DE SANTA CATARINA
UFSCAR - UNIVERSIDADE FEDERAL DE SÃO CARLOS
UFSJ - UNIVERSIDADE FEDERAL DE SÃO JOÃO DEL REI
UFSM - UNIVERSIDADE FEDERAL DE SANTA MARIA
UFT - FUNDAÇÃO UNIVERSIDADE FEDERAL DO TOCANTINS
UFTM - UNIVERSIDADE FEDERAL DO TRIÂNGULO MINEIRO
UFU - UNIVERSIDADE FEDERAL DE UBERLÂNDIA
UFV - UNIVERSIDADE FEDERAL DE VIÇOSA
UFVJM - UNIVERSIDADE FEDERAL DOS VALES DO JEQUITINHONHA E MUCURI
UGB - CENTRO UNIVERSITÁRIO GERALDO DI BIASE
UGF - UNIVERSIDADE GAMA FILHO - DESCREDENCIADA (DESPACHO SERES Nº 2 DE 13/01/2014)
UI - UNIVERSIDADE DE ITAÚNA
ULBRA - UNIVERSIDADE LUTERANA DO BRASIL
ULBRA ILES - INSTITUTO LUTERANO DE ENSINO SUPERIOR DE PORTO VELHO
ULT - UNIÃO LATINO-AMERICADA DE TECNOLOGIA
UMC - UNIVERSIDADE DE MOGI DAS CRUZES
UMESP - UNIVERSIDADE METODISTA DE SÃO PAULO
UNA - CENTRO UNIVERSITÁRIO UNA
UNA - FACULDADE UNA DE BETIM
UNAERP - UNIVERSIDADE DE RIBEIRÃO PRETO
UNAMA - UNIVERSIDADE DA AMAZÔNIA
UNAR - CENTRO UNIVERSITÁRIO DE ARARAS -
UNASP - CENTRO UNIVERSITÁRIO ADVENTISTA DE SÃO PAULO
UNB - UNIVERSIDADE DE BRASÍLIA
UNC - UNIVERSIDADE DO CONTESTADO
UNCISAL - UNIVERSIDADE ESTADUAL DE CIÊNCIAS DA SAÚDE DE ALAGOAS - UNCISAL
UNDB - UNIDADE DE ENSINO SUPERIOR DOM BOSCO
UNEAL - UNIVERSIDADE ESTADUAL DE ALAGOAS - UNEAL
UNEB - INSTITUTO DE CIÊNCIAS EXATAS
UNEB - INSTITUTO DE CIÊNCIAS SOCIAIS APLICADAS
UNEB - UNIVERSIDADE DO ESTADO DA BAHIA
UNEC - CENTRO UNIVERSITÁRIO DE CARATINGA
UNED - FACULDADE DE CIÊNCIAS SOCIAIS E APLICADAS DE DIAMANTINO
UNEMAT - UNIVERSIDADE DO ESTADO DE MATO GROSSO
UNEOURO - FACULDADE DE OURO PRETO DO OESTE
UNES - FACULDADE DO ESPÍRITO SANTO
UNESA - UNIVERSIDADE ESTÁCIO DE SÁ
UNESC - CENTRO UNIVERSITÁRIO DO ESPÍRITO SANTO
UNESC - FACULDADES INTEGRADAS DE CACOAL
UNESC - UNIVERSIDADE DO EXTREMO SUL CATARINENSE
UNESF - UNIÃO DE ESCOLAS SUPERIORES DA FUNESO
UNESJ - FACULDADE METROPOLITANA DA GRANDE RECIFE
UNESP - UNIVERSIDADE ESTADUAL PAULISTA JÚLIO DE MESQUITA FILHO
UNESPAR - UNIVERSIDADE ESTADUAL DO PARANÁ
UNESULBAHIA - FACULDADES INTEGRADAS DO EXTREMO SUL DA BAHIA
UNG - UNIVERSIDADE GUARULHOS
UNI IBMR - CENTRO UNIVERSITÁRIO HERMÍNIO DA SILVEIRA
UNI-ANHANGÜERA - CENTRO UNIVERSITÁRIO DE GOIÁS
UNI-BH - CENTRO UNIVERSITÁRIO DE BELO HORIZONTE
UNI-FACEF - CENTRO UNIVERSITÁRIO MUNICIPAL DE FRANCA
UNI-RN - CENTRO UNIVERSITÁRIO DO RIO GRANDE DO NORTE
UNIA - CENTRO UNIVERSITÁRIO ANHANGUERA
UNIABEU - ABEU - CENTRO UNIVERSITÁRIO
UNIAMÉRICA - INSTITUTO SUPERIOR DE EDUCAÇÃO UNIÃO DAS AMÉRICAS
UNIAN - CENTRO UNIVERSITÁRIO ANHANGUERA DE NITERÓI
UNIAN - SP - UNIVERSIDADE ANHANGUERA DE SÃO PAULO - UNIAN-SP
UNIANCHIETA - CENTRO UNIVERSITÁRIO PADRE ANCHIETA
UNIANDRADE - CENTRO UNIVERSITÁRIO CAMPOS DE ANDRADE
UNIARA - CENTRO UNIVERSITÁRIO DE ARARAQUARA
UNIARARAS - CENTRO UNIVERSITÁRIO HERMINIO OMETTO
UNIARAXÁ - CENTRO UNIVERSITÁRIO DO PLANALTO DE ARAXÁ
UNIARP - UNIVERSIDADE ALTO VALE DO RIO DO PEIXE
UNIASSELVI - CENTRO UNIVERSITÁRIO LEONARDO DA VINCI
UNIB - UNIVERSIDADE IBIRAPUERA
UNIBALSAS - FACULDADE DE BALSAS
UNIBAVE - CENTRO UNIVERSITÁRIO BARRIGA VERDE
UNIC / PITÁGORAS - UNIVERSIDADE DE CUIABÁ
UNICALDAS - FACULDADE DE CALDAS NOVAS
UNICAMP - UNIVERSIDADE ESTADUAL DE CAMPINAS
UNICAP - UNIVERSIDADE CATÓLICA DE PERNAMBUCO
UNICAPE - FACULDADE ESPÍRITO SANTENSE
UNICAPITAL - CENTRO UNIVERSITÁRIO CAPITAL
UNICARIOCA - CENTRO UNIVERSITÁRIO CARIOCA
UNICASTELO - UNIVERSIDADE CAMILO CASTELO BRANCO
UNICENID - FACULDADE DE CIÊNCIAS GERENCIAIS DA BAHIA
UNICENTRO - FACULDADE DE EDUCAÇÃO DE JARU
UNICENTRO - UNIVERSIDADE ESTADUAL DO CENTRO OESTE
UNICEP - CENTRO UNIVERSITÁRIO CENTRAL PAULISTA
UNICERP - CENTRO UNIVERSITÁRIO DO CERRADO-PATROCÍNIO
UNICESUMAR - CENTRO UNIVERSITÁRIO DE MARINGÁ - UNICESUMAR
UNICEUB - CENTRO UNIVERSITÁRIO DE BRASÍLIA
UNICEUMA - UNIVERSIDADE DO CEUMA - UNICEUMA
UNICHRISTUS - CENTRO UNIVERSITÁRIO CHRISTUS
UNICID - UNIVERSIDADE CIDADE DE SÃO PAULO
UNICRUZ - UNIVERSIDADE DE CRUZ ALTA
UNICSUL - UNIVERSIDADE CRUZEIRO DO SUL
UNICURITIBA - CENTRO UNIVERSITÁRIO CURITIBA
UNIDAVI - CENTRO UNIVERSITÁRIO PARA O DESENVOLVIMENTO DO ALTO VALE DO ITAJAÍ
UNIDERP - UNIVERSIDADE ANHANGUERA - UNIDERP
UNIDESC - CENTRO UNIVERSITÁRIO DE DESENVOLVIMENTO DO CENTRO-OESTE
UNIEURO - CENTRO UNIVERSITÁRIO EURO-AMERICANO
UNIEVANGÉLICA - CENTRO UNIVERSITÁRIO DE ANÁPOLIS
UNIEXP - UNIDADE DE ENSINO SUPERIOR EXPOENTE
UNIFAC - FACULDADES INTEGRADAS DE BOTUCATU
UNIFACEX - CENTRO UNIVERSITÁRIO FACEX
UNIFACS - UNIVERSIDADE SALVADOR
UNIFAE - CENTRO UNIVERSITÁRIO DAS FACULDADES ASSOCIADAS DE ENSINO - FAE
UNIFAI - CENTRO UNIVERSITÁRIO ASSUNÇÃO
UNIFAL-MG - UNIVERSIDADE FEDERAL DE ALFENAS
UNIFAP - UNIVERSIDADE FEDERAL DO AMAPÁ
UNIFEB - CENTRO UNIVERSITÁRIO DA FUNDAÇÃO EDUCACIONAL DE BARRETOS
UNIFEBE - CENTRO UNIVERSITÁRIO DE BRUSQUE
UNIFEG - CENTRO UNIVERSITÁRIO DA FUNDAÇÃO EDUCACIONAL GUAXUPÉ
UNIFEI - UNIVERSIDADE FEDERAL DE ITAJUBÁ - UNIFEI
UNIFEMM - CENTRO UNIVERSITÁRIO DE SETE LAGOAS
UNIFENAS - UNIVERSIDADE JOSÉ DO ROSÁRIO VELLANO
UNIFEOB - CENTRO UNIVERSITÁRIO FUNDAÇÃO DE ENSINO OCTÁVIO BASTOS - FEOB
UNIFESO - CENTRO UNIVERSITÁRIO SERRA DOS ÓRGÃOS
UNIFESP - UNIVERSIDADE FEDERAL DE SÃO PAULO
UNIFESSPA - UNIVERSIDADE FEDERAL DO SUL E SUDESTE DO PARÁ
UNIFEV - CENTRO UNIVERSITÁRIO DE VOTUPORANGA
UNIFIA - CENTRO UNIVERSITÁRIO AMPARENSE
UNIFIAM-FAAM - FIAM-FAAM - CENTRO UNIVERSITÁRIO
UNIFIAN - CENTRO UNIVERSITÁRIO ANHANGÜERA
UNIFIEO - CENTRO UNIVERSITÁRIO FIEO
UNIFIL - CENTRO UNIVERSITÁRIO FILADÉLFIA
UNIFIMES - CENTRO UNIVERSITÁRIO DE MINEIROS
UNIFIN - FACULDADE SÃO FRANCISCO DE ASSIS
UNIFLU - CENTRO UNIVERSITÁRIO FLUMINENSE
UNIFOA - CENTRO UNIVERSITÁRIO DE VOLTA REDONDA
UNIFOR - UNIVERSIDADE DE FORTALEZA
UNIFORMG - CENTRO UNIVERSITÁRIO DE FORMIGA
UNIFOZ - FACULDADES UNIFICADAS DE FOZ DO IGUAÇU
UNIFRA - CENTRO UNIVERSITÁRIO FRANCISCANO
UNIFRAN - UNIVERSIDADE DE FRANCA
UNIG - UNIVERSIDADE IGUAÇU
UNIGRAN - CENTRO UNIVERSITÁRIO DA GRANDE DOURADOS
UNIGRAN CAPITAL - FACULDADE UNIGRAN CAPITAL
UNIGRANRIO - UNIVERSIDADE DO GRANDE RIO PROFESSOR JOSÉ DE SOUZA HERDY
UNIJALES - CENTRO UNIVERSITÁRIO DE JALES
UNIJORGE - CENTRO UNIVERSITÁRIO JORGE AMADO
UNIJUI - UNIVERSIDADE REGIONAL DO NOROESTE DO ESTADO DO RIO GRANDE DO SUL
UNILA - UNIVERSIDADE FEDERAL DA INTEGRAÇÃO LATINO-AMERICANA
UNILAB - UNIVERSIDADE DA INTEGRAÇÃO INTERNACIONAL DA LUSOFONIA AFRO-BRASILEIRA
UNILAGO - UNIÃO DAS FACULDADES DOS GRANDES LAGOS
UNILAGOS - FACULDADE UNILAGOS
UNILASALLE - CENTRO UNIVERSITÁRIO LA SALLE
UNILASALLE/RJ - CENTRO UNIVERSITÁRIO LA SALLE DO RIO DE JANEIRO
UNILAVRAS - CENTRO UNIVERSITÁRIO DE LAVRAS
UNILESTEMG - CENTRO UNIVERSITÁRIO DO LESTE DE MINAS GERAIS
UNILINS - CENTRO UNIVERSITÁRIO DE LINS
UNILUS - CENTRO UNIVERSITÁRIO LUSÍADA
UNIMAR - UNIVERSIDADE DE MARÍLIA
UNIMEP - UNIVERSIDADE METODISTA DE PIRACICABA
UNIMES - UNIVERSIDADE METROPOLITANA DE SANTOS
UNIMESP - CENTRO UNIVERSITÁRIO METROPOLITANO DE SÃO PAULO
UNIMONTE - CENTRO UNIVERSITÁRIO MONTE SERRAT
UNIMONTES - UNIVERSIDADE ESTADUAL DE MONTES CLAROS
UNIMSB - CENTRO UNIVERSITÁRIO MOACYR SREDER BASTOS
UNINASSAU - CENTRO UNIVERSITÁRIO MAURÍCIO DE NASSAU
UNINCOR - UNIVERSIDADE VALE DO RIO VERDE
UNINILTONLINS - UNIVERSIDADE NILTON LINS
UNINORTE - CENTRO UNIVERSITÁRIO DO NORTE
UNINORTE - FACULDADE NORTE PARANAENSE
UNINOVA - UNIÃO DE ENSINO SUPERIOR DE NOVA MUTUM
UNINOVE - UNIVERSIDADE NOVE DE JULHO
UNINTER - CENTRO UNIVERSITÁRIO INTERNACIONAL
UNIOESTE - UNIVERSIDADE ESTADUAL DO OESTE DO PARANÁ
UNIP - UNIVERSIDADE PAULISTA
UNIPAC - UNIVERSIDADE PRESIDENTE ANTÔNIO CARLOS
UNIPACAT - FACULDADE DE ADMINISTRAÇÃO DE CATAGUASES
UNIPAM - CENTRO UNIVERSITÁRIO DE PATOS DE MINAS
UNIPAMPA - FUNDAÇÃO UNIVERSIDADE FEDERAL DO PAMPA - UNIPAMPA
UNIPAR - UNIVERSIDADE PARANAENSE
UNIPAULISTANA - CENTRO UNIVERSITÁRIO PAULISTANO
UNIPINHAL - CENTRO REGIONAL UNIVERSITÁRIO DE ESPÍRITO SANTO DO PINHAL
UNIPLAC - UNIVERSIDADE DO PLANALTO CATARINENSE
UNIPLAN - CENTRO UNIVERSITÁRIO PLANALTO DO DISTRITO FEDERAL - UNIPLAN
UNIPÊ - CENTRO UNIVERSITÁRIO DE JOÃO PESSOA
UNIR - FUNDAÇÃO UNIVERSIDADE FEDERAL DE RONDÔNIA
UNIRG - CENTRO UNIVERSITÁRIO UNIRG
UNIRIO - UNIVERSIDADE FEDERAL DO ESTADO DO RIO DE JANEIRO
UNIRITTER - CENTRO UNIVERSITÁRIO RITTER DOS REIS
UNIRON - FACULDADE DE EDUCAÇÃO DE PORTO VELHO
UNIRON - FACULDADE INTERAMERICANA DE PORTO VELHO
UNIRONDON - CENTRO UNIVERSITÁRIO CÂNDIDO RONDON
UNIRP - CENTRO UNIVERSITÁRIO DE RIO PRETO
UNIS-MG - CENTRO UNIVERSITÁRIO DO SUL DE MINAS
UNISA - UNIVERSIDADE DE SANTO AMARO
UNISAL - CENTRO UNIVERSITÁRIO SALESIANO DE SÃO PAULO
UNISALESIANO - CENTRO UNIVERSITÁRIO CATÓLICO SALESIANO AUXILIUM
UNISANT'ANNA - CENTRO UNIVERSITÁRIO SANT´ANNA
UNISANTA - UNIVERSIDADE SANTA CECÍLIA
UNISANTOS - UNIVERSIDADE CATÓLICA DE SANTOS
UNISC - UNIVERSIDADE DE SANTA CRUZ DO SUL
UNISEB - CENTRO UNIVERSITÁRIO UNISEB
UNISINOS - UNIVERSIDADE DO VALE DO RIO DOS SINOS
UNISO - UNIVERSIDADE DE SOROCABA
UNISUAM - CENTRO UNIVERSITÁRIO AUGUSTO MOTTA
UNISUL - UNIVERSIDADE DO SUL DE SANTA CATARINA
UNISUZ - FACULDADE UNIDA DE SUZANO
UNIT - UNIVERSIDADE TIRADENTES
UNITAU - UNIVERSIDADE DE TAUBATÉ
UNITINS - UNIVERSIDADE DO TOCANTINS
UNITOLEDO - CENTRO UNIVERSITÁRIO TOLEDO
UNITRI - CENTRO UNIVERSITÁRIO DO TRIÂNGULO
UNIUBE - UNIVERSIDADE DE UBERABA
UNIUV - CENTRO UNIVERSITÁRIO DE UNIÃO DA VITÓRIA
UNIVAG - CENTRO UNIVERSITÁRIO DE VÁRZEA GRANDE
UNIVALE - UNIVERSIDADE VALE DO RIO DOCE
UNIVALI - UNIVERSIDADE DO VALE DO ITAJAÍ
UNIVAP - UNIVERSIDADE DO VALE DO PARAÍBA
UNIVAR - FACULDADES UNIDAS DO VALE DO ARAGUAIA
UNIVASF - FUNDAÇÃO UNIVERSIDADE FEDERAL DO VALE DO SÃO FRANCISCO
UNIVATES - CENTRO UNIVERSITÁRIO UNIVATES
UNIVEM - CENTRO UNIVERSITÁRIO EURÍPEDES DE MARÍLIA
UNIVERSO - UNIVERSIDADE SALGADO DE OLIVEIRA
UNIVILLE - UNIVERSIDADE DA REGIÃO DE JOINVILLE
UNIVIP - CENTRO UNIVERSITÁRIO DO VALE DO IPOJUCA
UNIVÁS - UNIVERSIDADE DO VALE DO SAPUCAÍ
UNIÃO - FACULDADE EDUCACIONAL DE PONTA GROSSA
UNIÍTALO - CENTRO UNIVERSITÁRIO ÍTALO-BRASILEIRO
UNNESA - FACULDADE METROPOLITANA
UNOCHAPECÓ - UNIVERSIDADE COMUNITÁRIA DA REGIÃO DE CHAPECÓ
UNOESC - UNIVERSIDADE DO OESTE DE SANTA CATARINA
UNOESTE - UNIVERSIDADE DO OESTE PAULISTA
UNOPAR - UNIVERSIDADE NORTE DO PARANÁ
UNORP - CENTRO UNIVERSITÁRIO DO NORTE PAULISTA
UNP - UNIVERSIDADE POTIGUAR
UP - UNIVERSIDADE POSITIVO
UPE - UNIVERSIDADE DE PERNAMBUCO
UPF - UNIVERSIDADE DE PASSO FUNDO
UPIS - FACULDADES INTEGRADAS DA UPIS
URCA - UNIVERSIDADE REGIONAL DO CARIRI
URCAMP - UNIVERSIDADE DA REGIÃO DA CAMPANHA
URI - UNIVERSIDADE REGIONAL INTEGRADA DO ALTO URUGUAI E DAS MISSÕES
USC - UNIVERSIDADE DO SAGRADO CORAÇÃO
USCS - UNIVERSIDADE MUNICIPAL DE SÃO CAETANO DO SUL
USF - UNIVERSIDADE SÃO FRANCISCO
USJ - CENTRO UNIVERSITÁRIO MUNICIPAL DE SÃO JOSÉ
USJT - UNIVERSIDADE SÃO JUDAS TADEU
USP - UNIVERSIDADE DE SÃO PAULO
USS - UNIVERSIDADE SEVERINO SOMBRA
USU - UNIVERSIDADE SANTA ÚRSULA
UTFPR - UNIVERSIDADE TECNOLÓGICA FEDERAL DO PARANÁ
UTP - UNIVERSIDADE TUIUTI DO PARANÁ
UVA - UNIVERSIDADE ESTADUAL DO VALE DO ACARAÚ
UVA - UNIVERSIDADE VEIGA DE ALMEIDA
UVV - UNIVERSIDADE VILA VELHA
VIZIVALI - FACULDADE VIZINHANÇA VALE DO IGUAÇU
VÉRTICE - FACULDADE VÉRTICE
ÁREA1 - ÁREA1 - FACULDADE DE CIÊNCIA E TECNOLOGIA
